name	center	alpha_beta	num_gene	fully_nocall	concordance	lowq_rate	mean_rc	median_rc	refset_size
HG00096	WUGSC	276.59	105	71	0.9394	0.684	240.679	215.000	9
HG00097	BCM	4455.79	106	10	0.9955	0.099	72.907	64.000	12
HG00099	BCM	8306.37	106	1	1.0000	0.010	100.755	88.344	20
HG00100	BI	17363.30	105	1	0.9900	0.010	125.608	108.092	13
HG00101	WUGSC	22269.88	105	0	1.0000	0.000	140.246	123.000	19
HG00102	WUGSC	6439.17	105	8	1.0000	0.083	114.167	100.000	9
HG00103	WUGSC	9470.20	105	4	0.9994	0.042	118.591	104.000	12
HG00105	BCM	5194.63	106	4	1.0000	0.043	76.684	66.462	10
HG00106	BCM	8839.15	106	3	1.0000	0.031	81.314	71.000	16
HG00107	WUGSC	4782.79	105	5	1.0000	0.048	120.485	106.000	11
HG00108	BGI	22084.89	100	1	1.0000	0.015	196.772	174.627	15
HG00109	BGI	18769.18	100	3	0.9994	0.031	194.037	169.800	17
HG00110	BGI	25218.19	100	1	0.9974	0.010	189.260	169.315	17
HG00111	BGI	14501.39	100	1	0.9921	0.015	155.174	139.797	16
HG00112	BCM	10730.82	106	0	0.9983	0.002	83.105	72.000	12
HG00113	BGI	17883.26	100	1	0.9887	0.013	152.138	137.953	15
HG00114	WUGSC	15073.34	105	3	0.9945	0.029	121.649	106.995	17
HG00115	BCM	10807.72	106	1	0.9881	0.012	82.655	72.632	15
HG00116	BI	12342.78	105	0	0.9903	0.003	158.051	135.000	17
HG00117	BI	4651.14	105	19	0.9639	0.191	96.329	81.724	12
HG00118	BCM	6186.92	106	3	0.9900	0.033	91.032	80.497	18
HG00119	BI	12742.65	105	2	0.9600	0.024	107.741	91.532	14
HG00120	BI	13424.60	105	1	0.9901	0.010	112.971	96.000	14
HG00121	BGI	27794.60	100	2	0.9981	0.021	153.627	139.000	17
HG00122	BCM	11958.72	106	0	1.0000	0.000	76.923	67.912	15
HG00123	BI	15499.87	105	0	0.9802	0.000	126.087	107.000	13
HG00125	BGI	26596.73	100	0	1.0000	0.010	147.913	132.597	14
HG00126	BCM	8053.09	106	4	1.0000	0.039	87.552	77.000	12
HG00127	WUGSC	21641.41	105	5	1.0000	0.051	113.396	99.000	16
HG00128	BCM	7152.91	106	0	0.9905	0.002	115.270	101.617	22
HG00129	BCM	13030.69	106	0	0.9985	0.000	87.939	77.000	16
HG00130	BCM	2608.15	106	5	0.9898	0.051	88.286	77.000	11
HG00131	BI	11730.51	105	0	0.9878	0.001	160.053	138.947	19
HG00132	BCM	2282.03	106	5	0.9898	0.055	81.788	70.000	14
HG00133	BI	18878.86	105	1	0.9885	0.012	139.109	120.000	17
HG00136	BGI	19872.96	100	0	0.9955	0.000	198.454	176.703	18
HG00137	BGI	16573.37	100	1	1.0000	0.010	144.205	129.000	13
HG00138	BGI	26026.98	100	1	1.0000	0.012	150.963	135.565	14
HG00139	BGI	18966.37	100	1	0.9981	0.010	195.877	176.424	18
HG00140	BGI	23218.03	100	3	1.0000	0.034	156.544	141.639	16
HG00141	BCM	2819.88	106	11	0.9979	0.105	82.583	72.000	18
HG00142	BCM	1595.48	106	9	1.0000	0.098	107.159	93.333	14
HG00143	BCM	14349.26	106	1	1.0000	0.011	95.994	84.651	20
HG00145	BI	10789.71	105	1	0.9903	0.010	165.512	141.000	19
HG00146	BI	4312.96	105	6	0.9562	0.060	158.229	136.976	5
HG00148	BCM	3216.47	106	9	1.0000	0.088	86.357	74.852	11
HG00149	BCM	13993.23	106	0	0.9981	0.000	75.963	66.475	15
HG00150	BCM	6734.72	106	2	0.9934	0.021	81.116	71.000	18
HG00151	BCM	1594.96	106	18	0.9330	0.186	72.781	64.000	7
HG00154	BGI	16022.44	100	1	0.9931	0.010	186.398	165.177	16
HG00155	BI	6957.20	105	4	0.9600	0.039	170.548	148.000	5
HG00157	BI	2745.06	105	14	0.9749	0.139	140.734	120.000	10
HG00158	BI	19873.91	105	0	0.9760	0.000	122.309	103.900	16
HG00159	BI	10652.12	105	3	0.9806	0.033	104.519	89.000	13
HG00160	BI	19870.39	105	2	0.9800	0.020	112.338	95.000	18
HG00171	BGI	18198.99	100	0	0.9994	0.000	191.786	169.000	18
HG00173	BCM	11176.06	106	2	0.9862	0.020	85.551	75.000	18
HG00174	BGI	22587.65	100	0	0.9975	0.003	189.319	166.875	17
HG00176	BI	9282.22	105	3	0.9730	0.034	151.257	127.792	14
HG00177	BCM	4236.73	106	1	0.9980	0.010	88.180	77.438	7
HG00178	WUGSC	17696.96	105	3	1.0000	0.029	121.633	107.000	16
HG00179	BCM	1070.52	106	23	0.9241	0.237	91.069	79.000	5
HG00180	BCM	14490.39	106	1	1.0000	0.010	70.147	61.156	15
HG00181	WUGSC	4603.40	105	10	1.0000	0.097	130.484	113.465	11
HG00182	WUGSC	9915.67	105	6	0.9897	0.060	138.408	122.264	19
HG00183	WUGSC	9696.23	105	4	0.9898	0.039	132.013	116.129	18
HG00185	WUGSC	8760.71	105	1	0.9995	0.011	134.739	119.330	18
HG00186	WUGSC	7675.64	105	7	1.0000	0.067	120.110	104.063	17
HG00187	WUGSC	13306.56	105	5	1.0000	0.059	126.381	111.864	18
HG00188	WUGSC	1106.69	105	30	0.9317	0.300	126.845	113.000	10
HG00189	WUGSC	7156.62	105	4	0.9992	0.040	120.239	106.347	17
HG00190	WUGSC	11926.57	105	1	0.9901	0.010	124.469	109.000	17
HG00231	BCM	13015.34	106	0	0.9906	0.000	89.091	78.000	20
HG00232	BGI	22389.34	100	0	0.9974	0.000	176.509	159.568	18
HG00233	WUGSC	16998.29	105	0	1.0000	0.004	124.595	109.000	17
HG00234	BCM	2897.32	106	12	0.9888	0.121	73.753	64.000	11
HG00235	BCM	5996.80	106	3	0.9879	0.031	63.589	55.714	14
HG00236	BGI	15000.35	100	1	0.9994	0.012	179.339	160.163	17
HG00237	BGI	20590.76	100	0	1.0000	0.000	150.741	134.000	14
HG00238	WUGSC	12830.39	105	1	1.0000	0.010	128.939	113.000	18
HG00239	BI	1868.56	105	9	0.9677	0.100	133.111	113.102	7
HG00240	WUGSC	14522.17	105	2	0.9933	0.021	116.326	101.087	16
HG00242	BI	8068.51	105	0	0.9902	0.001	167.180	142.774	12
HG00243	BI	2193.32	105	12	0.9228	0.132	165.193	139.000	10
HG00244	BI	9955.43	105	1	0.9804	0.010	162.004	138.904	20
HG00245	BI	4680.91	105	4	0.9592	0.039	160.830	138.843	5
HG00246	BGI	15462.53	100	0	0.9989	0.005	173.037	155.472	16
HG00250	BGI	27073.31	100	2	0.9958	0.020	134.810	121.000	14
HG00251	BGI	21438.48	100	1	0.9961	0.012	168.648	152.157	18
HG00252	BGI	14822.68	100	0	1.0000	0.001	235.700	209.032	20
HG00253	BGI	19161.32	100	2	0.9989	0.021	140.051	125.526	13
HG00254	BGI	22072.68	100	0	0.9960	0.000	184.854	165.677	17
HG00255	BI	11716.94	105	5	0.9898	0.051	116.125	97.674	15
HG00256	BGI	12113.04	100	1	1.0000	0.018	165.156	147.907	15
HG00257	BGI	20896.56	100	0	1.0000	0.000	222.224	198.293	17
HG00258	BI	16523.88	105	2	0.9900	0.020	124.408	105.625	17
HG00259	BGI	22267.28	100	0	1.0000	0.004	264.657	238.000	25
HG00260	BGI	25191.80	100	2	0.9994	0.025	156.367	141.000	17
HG00261	BGI	19050.50	100	1	0.9969	0.010	140.222	127.000	16
HG00262	BI	2879.15	105	4	0.9664	0.042	245.250	207.205	10
HG00263	BGI	24926.92	100	2	0.9990	0.020	165.267	147.000	14
HG00264	BI	20253.96	105	0	0.9857	0.002	132.103	112.000	18
HG00265	BI	13849.66	105	0	0.9833	0.000	119.298	101.486	11
HG00266	BCM	6630.58	106	2	0.9933	0.019	55.229	48.000	11
HG00267	BCM	5189.32	106	3	0.9895	0.029	96.418	84.255	21
HG00269	BCM	10642.99	106	0	0.9959	0.000	106.511	93.413	20
HG00271	BGI	20323.49	100	0	1.0000	0.001	190.459	169.688	17
HG00272	BI	10089.21	105	4	0.9700	0.039	75.626	63.000	13
HG00273	BGI	20515.23	100	0	0.9975	0.002	156.006	142.000	17
HG00274	BGI	21981.60	100	0	1.0000	0.000	191.660	171.512	17
HG00275	BGI	22667.21	100	0	1.0000	0.002	153.008	138.082	16
HG00276	BGI	15032.85	100	1	0.9986	0.010	183.220	163.796	17
HG00277	BGI	18023.73	100	1	0.9931	0.013	155.844	138.913	14
HG00278	BGI	1467.92	100	9	0.9888	0.101	164.363	145.000	7
HG00280	BGI	811.21	100	11	0.9821	0.123	190.282	169.091	3
HG00281	BGI	26220.78	100	0	0.9917	0.001	153.965	139.019	15
HG00282	BGI	16868.08	100	0	0.9968	0.009	169.151	154.000	17
HG00284	BGI	17162.34	100	0	0.9993	0.006	168.284	151.035	16
HG00285	BGI	16889.20	100	0	0.9874	0.001	157.513	140.211	14
HG00288	BGI	5169.75	100	5	0.9895	0.056	150.611	138.776	11
HG00290	BGI	4804.67	100	4	0.9787	0.045	141.085	129.783	10
HG00304	WUGSC	1598.39	105	25	0.9872	0.243	46.643	43.000	6
HG00306	BI	3484.56	105	27	0.9737	0.280	73.157	61.000	6
HG00308	BI	1282.10	105	19	0.9725	0.196	178.856	154.161	7
HG00309	BGI	16459.34	100	1	0.9785	0.017	142.066	129.936	16
HG00310	BGI	23920.67	100	0	0.9914	0.002	194.391	175.000	22
HG00311	BI	22986.73	105	4	0.9802	0.038	87.294	73.000	15
HG00313	BGI	14286.61	100	0	0.9912	0.002	148.014	134.559	16
HG00315	BGI	22664.25	100	0	1.0000	0.002	174.974	156.393	16
HG00318	BGI	24702.85	100	1	1.0000	0.013	146.322	130.541	15
HG00319	BGI	16589.63	100	1	1.0000	0.015	150.819	134.000	14
HG00320	BGI	17457.77	100	0	1.0000	0.000	152.441	135.894	15
HG00321	BGI	17216.52	100	0	0.9989	0.005	159.119	143.226	18
HG00323	BGI	18781.77	100	2	0.9989	0.022	144.465	129.711	16
HG00324	BGI	17476.71	100	3	0.9973	0.033	150.874	135.211	14
HG00325	BGI	19950.00	100	1	1.0000	0.013	142.340	127.000	13
HG00326	BGI	16032.49	100	1	0.9937	0.010	173.005	154.000	15
HG00327	BGI	12892.82	100	0	0.9989	0.000	136.015	122.000	14
HG00328	BGI	10141.49	100	2	0.9884	0.021	133.623	120.790	16
HG00329	BGI	13723.75	100	1	0.9919	0.014	144.130	129.177	12
HG00330	BGI	25982.11	100	0	0.9974	0.002	155.818	139.000	16
HG00331	BGI	10467.95	100	2	0.9820	0.028	181.002	164.721	17
HG00332	BGI	16462.47	100	0	1.0000	0.000	202.980	179.130	18
HG00334	BGI	15365.97	100	0	0.9938	0.009	142.599	129.000	14
HG00335	BGI	15911.51	100	0	0.9978	0.005	163.640	146.582	13
HG00336	BGI	20279.16	100	1	0.9736	0.018	154.433	138.000	15
HG00337	BGI	25145.28	100	0	0.9988	0.000	142.614	129.359	17
HG00338	BGI	19906.05	100	0	0.9899	0.000	131.494	118.659	13
HG00339	BGI	19488.82	100	0	0.9990	0.008	132.710	118.033	11
HG00341	BGI	16353.19	100	0	0.9997	0.000	165.488	149.000	17
HG00342	BGI	17967.20	100	1	0.9981	0.016	144.364	128.571	13
HG00343	BGI	20420.09	100	0	0.9975	0.001	135.775	123.000	14
HG00344	BGI	19101.79	100	1	1.0000	0.011	141.303	128.108	16
HG00345	BGI	23391.20	100	0	0.9948	0.003	162.950	147.954	17
HG00346	BGI	19806.30	100	1	1.0000	0.011	158.384	143.000	17
HG00349	BCM	4333.52	106	3	0.9886	0.034	79.154	69.623	9
HG00350	BCM	3623.66	106	4	1.0000	0.040	77.833	68.000	14
HG00351	BCM	14448.52	106	0	1.0000	0.000	72.696	63.947	16
HG00353	BGI	21207.49	100	2	0.9989	0.021	152.046	136.000	14
HG00355	BCM	5619.59	106	3	1.0000	0.031	65.282	57.143	10
HG00356	BCM	9776.13	106	1	0.9997	0.010	64.493	56.585	13
HG00357	BI	5035.69	105	9	0.9678	0.093	107.042	90.000	15
HG00358	BCM	5468.34	106	3	1.0000	0.029	63.134	55.556	12
HG00360	BCM	11602.00	106	1	1.0000	0.010	69.312	61.000	12
HG00361	BI	4186.90	105	3	0.9697	0.029	166.358	140.870	13
HG00362	BCM	15304.59	106	0	1.0000	0.008	85.528	75.238	17
HG00364	BCM	5277.27	106	2	0.9902	0.025	84.501	73.000	14
HG00365	BCM	10043.34	106	0	1.0000	0.000	105.184	92.553	21
HG00366	BI	20879.73	105	2	0.9786	0.019	95.920	80.315	13
HG00367	BI	23287.03	105	4	0.9772	0.040	104.115	87.188	17
HG00368	BI	18327.32	105	3	0.9804	0.029	83.241	70.000	14
HG00369	BI	25720.92	105	1	0.9788	0.015	109.759	92.308	17
HG00371	BI	5114.52	105	8	0.9822	0.078	105.655	89.000	10
HG00372	BI	19296.97	105	4	0.9800	0.042	103.462	87.000	16
HG00373	BI	21576.12	105	0	0.9709	0.002	112.632	94.330	15
HG00375	BGI	15538.50	100	0	0.9949	0.000	198.308	178.000	20
HG00376	BGI	25760.53	100	1	1.0000	0.010	138.994	125.745	16
HG00378	BGI	12271.93	100	1	1.0000	0.013	152.637	138.537	17
HG00379	BI	18473.51	105	2	0.9802	0.029	77.386	65.000	13
HG00380	BI	15651.07	105	3	0.9711	0.033	80.545	67.606	13
HG00381	BGI	17134.98	100	1	1.0000	0.018	137.054	124.472	16
HG00382	BGI	18308.26	100	1	1.0000	0.022	144.970	131.126	15
HG00383	BGI	8160.79	100	10	0.9896	0.104	137.497	125.246	15
HG00384	BI	23267.76	105	0	0.9808	0.000	119.813	100.909	18
HG01334	BGI	28751.80	100	1	0.9989	0.013	146.787	133.000	16
HG01500	BI	433.21	105	40	0.9751	0.395	200.181	187.317	1
HG01501	BCM	16163.02	106	0	0.9937	0.000	79.608	69.836	16
HG01503	BCM	16263.98	106	1	0.9987	0.010	68.276	60.000	14
HG01504	BCM	11829.77	106	0	0.9995	0.004	74.717	65.000	16
HG01506	BGI	10341.67	100	1	0.9844	0.012	179.256	160.909	16
HG01507	BGI	17935.62	100	3	0.9891	0.040	165.656	148.293	16
HG01509	BGI	22397.59	100	1	0.9981	0.012	179.386	160.000	16
HG01510	BGI	18352.41	100	1	1.0000	0.010	177.126	158.684	15
HG01512	BGI	15732.28	100	0	0.9855	0.002	148.798	133.000	14
HG01513	BGI	25275.32	100	3	0.9928	0.031	171.155	152.941	17
HG01515	WUGSC	2239.29	105	8	0.9638	0.086	173.760	156.000	6
HG01516	WUGSC	2905.15	105	7	0.9652	0.073	176.391	155.556	6
HG01518	WUGSC	4300.93	105	4	0.9750	0.041	173.313	151.000	6
HG01519	WUGSC	5115.43	105	3	0.9703	0.039	196.257	173.000	7
HG01521	WUGSC	2390.79	105	2	0.9576	0.026	309.685	277.000	7
HG01522	WUGSC	2746.58	105	8	0.9773	0.090	184.368	160.000	6
HG01524	BGI	18990.98	100	0	0.9895	0.001	204.836	185.000	21
HG01525	BGI	24075.80	100	1	0.9983	0.010	168.662	152.000	17
HG01527	BGI	18696.75	100	2	0.9970	0.020	146.330	133.000	16
HG01528	BGI	10444.15	100	0	0.9997	0.002	188.239	171.000	15
HG01530	BGI	17345.80	100	1	1.0000	0.010	175.834	155.000	16
HG01531	BGI	12667.35	100	1	0.9911	0.012	230.388	203.000	17
HG01536	BGI	24204.17	100	1	0.9950	0.010	184.315	164.757	17
HG01537	BGI	30231.72	100	0	1.0000	0.001	184.323	164.938	17
HG01602	BCM	3543.16	106	2	0.9896	0.021	98.607	85.732	16
HG01603	BCM	19208.70	106	0	0.9931	0.002	85.412	75.000	16
HG01605	BCM	6214.31	106	1	0.9986	0.010	91.311	79.070	12
HG01606	BCM	5359.14	106	12	0.9983	0.118	86.438	76.000	17
HG01607	BCM	11750.29	106	3	1.0000	0.029	70.836	61.690	14
HG01608	BCM	14240.47	106	1	0.9986	0.011	79.550	69.943	16
HG01610	BCM	24513.40	106	0	1.0000	0.000	94.250	82.148	20
HG01612	BCM	13609.73	106	0	0.9972	0.003	72.952	64.000	14
HG01613	BCM	10547.16	106	0	0.9933	0.000	111.824	98.824	24
HG01615	BCM	7871.76	106	3	1.0000	0.030	71.823	63.000	15
HG01617	BCM	12527.62	106	0	0.9976	0.000	66.068	58.000	14
HG01618	BCM	17309.45	106	0	0.9981	0.000	95.717	84.000	18
HG01619	BCM	6439.12	106	0	1.0000	0.000	89.600	78.000	18
HG01620	BCM	11545.73	106	0	0.9981	0.000	82.601	72.632	19
HG01623	BCM	5678.16	106	3	1.0000	0.029	90.796	78.947	20
HG01624	BCM	19958.31	106	1	0.9905	0.009	98.357	86.000	23
HG01625	BCM	779.55	106	20	0.9698	0.196	76.941	65.000	6
HG01626	BCM	1071.77	106	29	0.9855	0.289	78.511	66.000	11
HG01628	BCM	7736.88	106	0	0.9962	0.000	82.308	71.549	16
HG01630	BCM	14044.10	106	0	0.9946	0.001	89.867	78.592	18
HG01631	BGI	17395.61	100	1	0.9989	0.012	152.045	136.140	15
HG01632	BGI	24238.41	100	0	0.9984	0.002	218.419	195.000	21
HG01668	BCM	8782.00	106	1	0.9945	0.011	100.759	88.235	20
HG01669	BCM	11002.38	106	2	0.9929	0.021	78.184	68.000	16
HG01670	BCM	14168.91	106	3	0.9898	0.030	63.331	55.714	12
HG01672	BCM	13408.30	106	0	1.0000	0.000	99.428	87.182	19
HG01673	BGI	17470.82	100	0	0.9895	0.000	159.772	143.172	15
HG01675	BGI	23615.95	100	0	0.9871	0.003	162.066	145.385	16
HG01676	BGI	24122.40	100	1	1.0000	0.012	155.235	139.048	16
HG01678	BGI	18611.28	100	0	1.0000	0.001	190.325	171.000	17
HG01679	BGI	16976.59	100	0	0.9874	0.000	163.057	145.000	16
HG01680	BGI	18640.23	100	0	0.9961	0.001	196.026	174.000	17
HG01682	BGI	26071.26	100	2	0.9745	0.020	179.532	160.000	16
HG01684	BGI	21710.37	100	0	0.9781	0.000	179.607	160.000	18
HG01685	BGI	25075.43	100	0	1.0000	0.000	164.133	146.087	17
HG01686	BGI	24325.34	100	1	0.9895	0.010	192.016	171.000	19
HG01694	BGI	21061.81	100	0	0.9760	0.011	163.045	146.000	16
HG01695	BGI	19032.19	100	0	0.9893	0.007	182.156	162.973	18
HG01697	BI	140.59	105	84	0.5500	0.812	677.672	600.000	14
HG01699	BI	6345.35	105	1	0.9901	0.010	120.946	102.000	8
HG01700	BGI	16677.41	100	0	0.9920	0.004	192.331	173.000	19
HG01702	BGI	8379.90	100	7	0.9981	0.075	174.084	156.706	17
HG01704	BI	9360.62	105	1	0.9809	0.010	176.718	152.000	9
HG01705	BI	7524.07	105	1	0.9736	0.010	171.443	146.342	9
HG01707	BI	3434.94	105	1	0.9797	0.012	166.875	145.000	6
HG01708	BI	5630.24	105	4	0.9963	0.047	173.181	148.421	15
HG01709	BI	10855.67	105	1	0.9803	0.011	184.003	157.000	10
HG01710	BI	9604.34	105	1	1.0000	0.010	162.523	139.000	9
HG01746	BI	8307.10	105	1	0.9901	0.010	172.520	148.000	8
HG01747	BI	2266.69	105	5	0.9899	0.052	166.221	142.805	5
HG01756	WUGSC	3136.07	105	2	0.9412	0.024	358.725	317.000	4
HG01757	WUGSC	3858.66	105	1	0.9401	0.010	365.797	325.000	4
HG01761	WUGSC	3141.72	105	2	0.9293	0.024	352.245	312.000	5
HG01762	WUGSC	2961.23	105	2	0.9551	0.036	386.446	344.211	4
HG01765	BGI	8422.41	100	3	0.9897	0.036	117.634	109.000	9
HG01766	BGI	8122.28	100	1	0.9874	0.010	95.595	88.492	8
HG01767	BGI	3609.00	100	1	0.9876	0.013	144.915	134.458	7
HG01768	BGI	3791.41	100	3	0.9896	0.033	124.564	115.000	6
HG01770	BCM	11284.12	106	1	0.9952	0.010	91.873	80.947	18
HG01771	BCM	11085.27	106	0	1.0000	0.000	83.905	73.671	13
HG01773	BCM	11321.40	106	0	0.9982	0.005	112.290	99.000	22
HG01775	BCM	21135.09	106	1	1.0000	0.011	67.417	59.000	14
HG01776	BCM	14752.17	106	3	0.9974	0.029	66.571	58.000	13
HG01777	BCM	17247.16	106	0	1.0000	0.000	82.428	72.593	16
HG01779	BCM	5465.60	106	4	0.9978	0.038	103.765	91.000	21
HG01781	BCM	18924.51	106	0	0.9967	0.000	95.539	84.000	19
HG01783	BCM	7296.80	106	4	1.0000	0.046	82.060	72.000	16
HG01784	BCM	11562.45	106	0	0.9992	0.002	93.556	82.400	17
HG01785	WUGSC	2663.06	105	10	0.9761	0.097	62.661	57.273	10
HG01786	WUGSC	2004.71	105	18	0.9693	0.173	58.564	54.000	9
HG01789	BCM	9091.10	106	1	0.9923	0.010	110.100	97.000	21
HG01790	BCM	19493.67	106	0	0.9927	0.006	73.265	64.000	15
HG01791	BGI	27778.02	100	1	1.0000	0.013	186.431	167.000	18
HG02215	BGI	10569.72	100	1	0.9892	0.010	187.499	168.000	13
HG02219	WUGSC	1772.52	105	17	0.9975	0.162	68.687	64.000	11
HG02220	BCM	20322.91	106	1	0.9980	0.010	63.410	55.183	12
HG02221	BCM	9314.00	106	0	1.0000	0.000	85.413	74.873	17
HG02223	BI	2856.61	105	4	0.9796	0.039	103.054	85.191	5
HG02224	BI	743.40	105	24	0.9753	0.237	131.170	109.219	4
HG02230	BI	2881.58	105	2	0.9770	0.021	118.240	98.182	4
HG02231	BI	3509.81	105	4	0.9767	0.039	119.657	100.000	7
HG02232	BGI	13314.77	100	0	0.9994	0.000	195.270	172.611	14
HG02233	BGI	19264.93	100	1	1.0000	0.011	182.287	160.625	16
HG02235	BCM	12328.96	106	6	0.9995	0.058	67.486	59.000	14
HG02236	BCM	14056.78	106	1	0.9981	0.010	88.271	77.391	18
HG02238	BGI	22720.11	100	1	1.0000	0.010	169.803	150.184	15
HG02239	BGI	30551.36	100	1	0.9696	0.015	207.260	184.242	21
NA06984	BI	6544.92	105	3	1.0000	0.032	86.035	74.000	19
NA06985	BCM	5485.20	106	3	0.9480	0.036	70.709	61.026	14
NA06986	BI	4363.58	105	1	0.9570	0.013	270.868	234.386	4
NA06989	BI	15796.21	105	2	0.9818	0.019	145.136	124.337	17
NA06994	WUGSC	7290.80	105	3	1.0000	0.030	117.511	102.936	13
NA07000	BCM	8085.67	106	0	0.9905	0.002	76.099	66.000	17
NA07037	BGI	12178.05	100	1	0.9821	0.010	210.633	183.121	17
NA07048	BI	5154.47	105	1	1.0000	0.010	188.887	163.765	10
NA07051	BI	10123.04	105	1	0.9902	0.014	112.964	96.203	15
NA07056	BCM	7703.84	106	3	0.9901	0.030	52.952	46.000	10
NA07347	BI	10817.43	105	3	1.0000	0.029	147.815	126.391	18
NA07357	BCM	9270.64	106	0	1.0000	0.000	69.676	61.000	13
NA10847	WUGSC	9266.49	105	1	0.9994	0.010	120.231	104.895	16
NA10851	BCM	7103.45	106	1	0.9902	0.010	83.260	72.774	14
NA11829	BCM	11260.87	106	0	1.0000	0.000	80.481	70.423	18
NA11830	BCM	1854.73	106	12	0.9783	0.115	81.136	70.698	10
NA11831	BCM	12803.46	106	1	0.9995	0.010	71.108	62.346	14
NA11832	BCM	11323.27	106	0	0.9917	0.000	82.756	72.903	18
NA11840	WUGSC	10830.70	105	1	0.9993	0.012	121.736	106.000	17
NA11843	BI	20926.10	105	1	1.0000	0.010	81.939	70.367	18
NA11881	BCM	5028.46	106	4	0.9880	0.040	98.772	87.000	12
NA11892	BGI	29474.85	100	1	0.9903	0.017	175.899	157.612	15
NA11893	BGI	21962.27	100	0	0.9989	0.002	198.190	177.557	18
NA11894	BGI	14839.88	100	0	0.9904	0.003	211.604	189.398	19
NA11918	BI	2992.21	105	15	0.8824	0.173	225.158	190.000	14
NA11919	BI	6705.09	105	9	0.9787	0.095	86.019	73.458	12
NA11920	BI	705.69	105	15	0.9818	0.154	211.839	181.000	2
NA11930	BI	15193.76	105	1	1.0000	0.010	89.775	77.000	20
NA11931	BGI	18590.69	100	1	0.9985	0.011	190.335	169.000	17
NA11932	BGI	25173.23	100	0	1.0000	0.000	199.267	176.308	18
NA11933	BGI	21827.53	100	0	0.9970	0.002	201.927	176.471	18
NA11992	BCM	9102.55	106	0	0.9978	0.001	76.543	66.939	17
NA11994	BCM	5578.15	106	7	0.9639	0.075	88.410	78.000	17
NA11995	BCM	2973.17	106	15	0.9889	0.151	48.099	42.000	11
NA12003	BCM	144.39	106	92	0.9980	0.885	52.055	45.000	3
NA12004	BCM	5032.16	106	8	1.0000	0.077	51.938	45.000	9
NA12005	BCM	6947.88	106	1	0.9987	0.010	81.805	72.000	17
NA12006	BCM	5736.56	106	1	0.9806	0.010	80.595	69.677	18
NA12043	BCM	4807.51	106	5	0.9900	0.051	118.683	103.000	13
NA12044	BCM	4361.73	106	3	1.0000	0.037	83.215	73.073	12
NA12045	BI	10213.94	105	0	0.9881	0.001	123.319	104.910	13
NA12046	BCM	8739.83	106	4	1.0000	0.040	60.171	53.000	11
NA12058	BI	10803.41	105	2	0.9707	0.020	125.849	107.511	16
NA12144	BCM	5130.28	106	2	0.9903	0.021	80.386	70.920	17
NA12154	BCM	14831.82	106	1	0.9904	0.013	81.598	71.429	16
NA12155	BCM	5094.61	106	3	1.0000	0.029	93.778	81.284	11
NA12156	BCM	4196.30	106	9	0.9681	0.090	48.849	41.905	11
NA12234	BCM	4129.69	106	3	1.0000	0.031	85.103	75.000	10
NA12249	WUGSC	12373.81	105	4	1.0000	0.039	108.860	95.000	16
NA12272	WUGSC	6101.35	105	16	0.9989	0.160	108.151	95.000	15
NA12273	WUGSC	10303.44	105	12	0.9815	0.117	90.243	79.000	12
NA12275	WUGSC	19887.42	105	3	0.8742	0.033	237.461	207.042	35
NA12282	WUGSC	636.86	105	30	0.9132	0.309	173.359	150.289	3
NA12283	WUGSC	17191.47	105	2	0.9991	0.021	100.354	87.664	14
NA12286	WUGSC	10453.26	105	4	0.9983	0.040	126.941	111.743	18
NA12287	BGI	21782.92	100	1	0.9941	0.013	190.048	168.122	16
NA12340	BI	14394.15	105	0	0.9979	0.000	84.846	73.000	19
NA12341	BI	10117.86	105	2	0.9994	0.020	75.337	64.667	17
NA12342	BI	10962.98	105	5	1.0000	0.048	78.779	67.000	18
NA12347	BGI	12380.20	100	1	0.9892	0.013	195.231	170.738	17
NA12348	BGI	8802.17	100	2	0.9897	0.024	188.314	164.706	15
NA12383	BGI	24753.18	100	0	1.0000	0.002	184.529	165.030	16
NA12399	BI	3450.31	105	6	0.9844	0.061	188.650	162.552	4
NA12400	BI	3289.20	105	6	0.9531	0.057	181.577	158.000	6
NA12413	BGI	21751.96	100	0	1.0000	0.000	219.197	194.000	20
NA12414	BCM	4614.96	106	1	0.9902	0.025	113.695	99.310	21
NA12489	BCM	10293.87	106	0	0.9903	0.007	77.065	67.000	17
NA12546	BGI	32563.99	100	0	0.9949	0.003	208.394	185.000	19
NA12716	WUGSC	16438.86	105	0	0.9979	0.001	130.045	114.000	18
NA12717	WUGSC	8949.42	105	4	0.9896	0.041	118.451	103.316	14
NA12718	WUGSC	12308.95	105	6	1.0000	0.058	125.510	110.000	18
NA12748	BI	19005.72	105	0	0.9987	0.000	80.206	68.571	18
NA12749	BGI	23943.16	100	0	0.9907	0.000	190.349	168.000	17
NA12750	WUGSC	7876.56	105	9	0.9894	0.090	68.819	63.000	14
NA12751	WUGSC	16812.01	105	1	0.9954	0.010	116.312	101.202	16
NA12760	WUGSC	20517.49	105	0	0.9984	0.000	134.040	117.447	19
NA12761	WUGSC	615.94	105	51	0.9057	0.493	92.503	80.000	3
NA12762	BCM	10327.24	106	1	0.9934	0.010	62.944	55.000	14
NA12763	WUGSC	8296.95	105	3	0.9898	0.031	114.181	99.892	14
NA12775	BGI	14221.18	100	1	0.9897	0.012	188.597	162.676	13
NA12776	BGI	15994.07	100	1	1.0000	0.016	232.912	201.527	14
NA12777	BGI	6030.79	100	0	0.9947	0.000	224.029	191.825	8
NA12778	BGI	10332.57	100	1	1.0000	0.014	201.259	172.615	8
NA12812	BCM	9390.11	106	0	1.0000	0.000	82.070	72.000	15
NA12813	BCM	2184.99	106	7	0.9897	0.069	107.863	91.000	3
NA12814	BCM	7127.07	106	0	0.9895	0.000	69.023	60.000	13
NA12815	BCM	12131.72	106	0	1.0000	0.004	68.416	60.000	15
NA12827	BGI	7824.03	100	0	1.0000	0.002	215.824	185.000	8
NA12828	BGI	10078.10	100	0	0.9916	0.005	215.341	184.569	8
NA12829	BI	4103.72	105	9	0.9551	0.097	163.724	142.000	5
NA12830	BI	20995.26	105	1	0.9987	0.016	82.059	70.204	18
NA12842	BI	4603.10	105	1	0.9515	0.014	264.425	226.772	4
NA12843	BI	21504.44	105	2	0.9967	0.021	77.164	66.294	17
NA12872	BCM	6267.05	106	4	0.9987	0.040	68.231	60.000	13
NA12873	BCM	5137.64	106	6	0.9978	0.057	79.744	70.000	16
NA12874	BCM	6048.43	106	1	1.0000	0.021	64.972	57.000	12
NA12878	BI	607.56	105	32	0.9420	0.324	239.400	210.732	10
NA12889	BI	3547.10	105	1	0.9857	0.014	290.795	255.000	10
NA12890	BI	445.40	105	27	0.9744	0.262	189.676	156.000	2
NA20502	BI	433.09	105	45	1.0000	0.433	213.930	200.000	1
NA20503	BCM	9645.56	106	1	0.9896	0.012	94.087	83.077	18
NA20504	BCM	8699.70	106	11	0.9891	0.112	70.056	61.915	13
NA20505	BCM	6947.42	106	1	0.9902	0.010	62.710	54.468	14
NA20506	BCM	8029.24	106	8	0.9583	0.077	63.332	56.000	12
NA20507	BCM	3486.98	106	4	0.9868	0.044	103.747	91.000	10
NA20508	BCM	4134.51	106	9	0.9983	0.087	92.673	82.000	15
NA20509	BCM	12997.12	106	0	0.9640	0.002	77.754	68.451	15
NA20510	BCM	2889.64	106	6	0.9875	0.059	105.667	89.455	4
NA20511	BGI	4002.11	100	2	0.9796	0.020	167.621	154.000	8
NA20512	BCM	8039.45	106	0	0.9986	0.000	80.890	70.423	16
NA20513	BCM	14623.47	106	0	0.9906	0.000	59.718	52.593	11
NA20514	BCM	8203.25	106	2	0.9980	0.019	109.583	96.000	16
NA20515	BCM	9984.36	106	1	1.0000	0.011	82.085	72.289	18
NA20516	BCM	886.07	106	9	0.9792	0.088	96.833	85.161	3
NA20517	BCM	12317.35	106	1	0.9904	0.016	90.256	79.672	18
NA20518	BCM	10268.69	106	3	0.9899	0.031	83.129	73.000	16
NA20519	BCM	13437.96	106	0	1.0000	0.000	82.896	72.612	17
NA20520	BCM	859.29	106	14	0.9674	0.137	96.588	87.000	6
NA20521	BCM	5460.83	106	1	0.9937	0.010	63.386	55.796	12
NA20522	BCM	20820.94	106	1	0.9902	0.011	81.350	71.678	15
NA20524	BCM	11447.09	106	0	0.9930	0.002	57.332	50.382	10
NA20525	BCM	7287.74	106	2	0.9949	0.019	65.477	57.485	12
NA20527	BCM	2972.03	106	5	0.9800	0.050	105.281	92.217	8
NA20528	BCM	4778.36	106	6	0.9896	0.057	99.894	86.000	9
NA20529	BCM	2713.01	106	5	0.9794	0.049	100.830	87.000	7
NA20530	BCM	2555.32	106	24	1.0000	0.241	61.904	54.000	11
NA20531	BCM	13158.69	106	0	0.9987	0.002	104.555	92.000	23
NA20532	BCM	9018.92	106	2	0.9806	0.019	66.404	58.378	12
NA20533	BCM	3470.61	106	9	0.9950	0.087	71.419	62.000	14
NA20534	BCM	369.27	106	45	0.9325	0.449	88.541	74.857	3
NA20535	BCM	4990.71	106	2	0.9437	0.026	127.591	112.096	19
NA20536	BCM	12429.28	106	2	0.9998	0.020	93.463	82.000	17
NA20538	BCM	5490.65	106	2	1.0000	0.019	118.649	104.000	14
NA20539	BCM	1153.91	106	21	0.9762	0.208	61.514	53.000	7
NA20540	BCM	7344.73	106	0	0.9952	0.000	109.811	96.774	12
NA20541	BCM	8961.33	106	0	1.0000	0.002	93.846	82.785	19
NA20542	BGI	16486.92	100	0	0.9974	0.006	150.193	135.000	14
NA20543	BGI	23772.97	100	0	0.9888	0.003	224.316	201.872	21
NA20544	BGI	24200.73	100	1	0.9867	0.011	205.489	184.127	18
NA20581	BGI	12759.59	100	2	0.9823	0.027	197.372	176.350	17
NA20582	BGI	23017.51	100	0	1.0000	0.000	208.685	183.529	19
NA20585	BGI	22896.29	100	0	0.9967	0.000	213.631	188.000	19
NA20586	BGI	21707.09	100	1	1.0000	0.011	171.312	153.750	14
NA20587	BI	340.02	105	85	1.0000	0.823	106.869	93.384	7
NA20588	BGI	11009.65	100	2	1.0000	0.031	172.797	156.098	15
NA20589	BGI	26453.21	100	0	0.9997	0.003	204.438	182.466	18
NA20752	BGI	39969.55	100	0	1.0000	0.000	213.092	190.000	18
NA20753	BGI	42611.24	100	0	1.0000	0.003	228.780	203.000	21
NA20754	BGI	35012.57	100	0	1.0000	0.001	185.694	164.324	16
NA20755	BGI	17509.20	100	0	0.9974	0.000	183.071	162.909	16
NA20756	BGI	34863.55	100	0	0.9883	0.000	227.465	203.000	19
NA20757	BGI	34735.11	100	0	0.9957	0.001	189.500	168.000	16
NA20758	BGI	16078.76	100	0	1.0000	0.003	182.507	162.931	16
NA20759	BGI	771.61	100	25	0.9855	0.285	201.186	178.588	7
NA20760	BGI	29857.38	100	1	0.9995	0.010	163.536	143.000	15
NA20761	BGI	14606.85	100	2	0.9988	0.021	143.930	129.081	11
NA20762	BGI	4002.48	100	2	0.9796	0.020	165.698	152.113	5
NA20763	BGI	6376.87	100	3	0.9792	0.031	167.632	154.000	7
NA20764	BGI	4255.54	100	2	0.9786	0.020	167.286	154.000	6
NA20765	BGI	21297.43	100	1	0.9962	0.010	198.428	178.588	18
NA20766	BI	25803.07	105	2	0.9964	0.023	77.665	66.408	17
NA20767	BGI	2990.73	100	3	0.9789	0.036	170.499	157.000	5
NA20768	BI	20425.56	105	0	0.9951	0.002	77.726	66.575	17
NA20769	BI	24004.54	105	0	0.9971	0.000	91.931	79.000	21
NA20770	BI	20413.39	105	2	0.9911	0.019	84.713	72.245	19
NA20771	BI	28961.21	105	0	0.9979	0.000	83.046	71.000	19
NA20772	BI	17738.50	105	4	0.9977	0.039	87.415	75.000	20
NA20773	BI	19770.35	105	1	0.9899	0.010	92.483	79.160	21
NA20774	BI	25120.31	105	2	0.9959	0.019	76.275	65.098	17
NA20775	BI	17610.25	105	2	0.9978	0.020	79.464	68.000	18
NA20778	BI	11361.78	105	3	0.9823	0.030	84.787	72.147	19
NA20783	BI	8050.40	105	3	1.0000	0.029	87.866	76.000	19
NA20785	BI	10405.66	105	4	1.0000	0.041	79.654	68.710	18
NA20786	BI	9958.31	105	4	0.9885	0.045	80.923	69.114	18
NA20787	BI	5717.88	105	8	0.9820	0.078	86.193	73.000	17
NA20790	BI	23657.13	105	2	0.9987	0.026	76.847	66.000	17
NA20792	BI	17369.85	105	2	1.0000	0.019	85.282	73.000	19
NA20795	BI	25586.15	105	0	1.0000	0.000	79.975	68.994	18
NA20796	BI	5896.47	105	2	0.9902	0.019	135.836	116.939	12
NA20797	BI	5719.44	105	3	0.9878	0.029	106.915	90.968	10
NA20798	BI	14478.79	105	3	0.9900	0.029	120.185	101.947	17
NA20799	BI	9684.79	105	0	0.9904	0.005	128.512	110.000	17
NA20800	BI	17114.45	105	3	0.9816	0.029	116.410	98.873	16
NA20801	BI	14204.75	105	2	0.9899	0.020	135.500	115.116	18
NA20802	BI	9137.38	105	1	0.9901	0.010	167.443	144.526	17
NA20803	BI	5740.70	105	12	0.9739	0.121	120.404	102.254	15
NA20804	BI	16738.80	105	1	0.9904	0.014	125.960	107.711	16
NA20805	BI	2009.48	105	20	0.9590	0.194	113.388	97.110	7
NA20806	BI	1273.56	105	29	0.9861	0.298	148.351	124.959	8
NA20807	WUGSC	15105.41	105	4	1.0000	0.038	110.625	97.000	16
NA20808	WUGSC	14195.18	105	1	1.0000	0.011	108.568	94.699	16
NA20809	WUGSC	14679.27	105	4	0.9994	0.040	108.264	94.000	15
NA20810	WUGSC	14442.52	105	0	1.0000	0.000	110.289	96.000	16
NA20811	WUGSC	23170.66	105	2	0.9987	0.023	116.333	101.627	16
NA20812	WUGSC	3236.91	105	8	0.9862	0.079	123.845	107.668	11
NA20813	WUGSC	8155.14	105	6	0.9681	0.061	119.110	104.000	16
NA20814	WUGSC	12838.50	105	5	1.0000	0.050	117.608	103.000	15
NA20815	WUGSC	4128.66	105	4	1.0000	0.039	178.360	156.000	14
NA20818	WUGSC	76.00	105	95	0.5000	0.926	150.450	129.000	3
NA20819	WUGSC	14040.92	105	1	1.0000	0.011	113.767	99.823	15
NA20821	BGI	4377.01	100	1	0.9827	0.015	151.758	140.535	7
NA20822	BGI	5426.01	100	2	0.9896	0.025	159.469	147.000	8
NA20826	WUGSC	1873.38	105	12	0.9382	0.127	144.566	125.681	5
NA20827	WUGSC	3282.26	105	21	1.0000	0.203	40.475	36.585	10
NA20828	WUGSC	4892.76	105	4	0.9814	0.047	152.058	133.000	12
NA20832	WUGSC	5753.35	105	8	1.0000	0.078	63.988	58.286	12