gene_type	gene	refcn	num_exon	num_samples	is_ref	is_nonref	comb_acc_f1	ref_acc_f1	nref_acc_f1	comb_acc_f2	ref_acc_f2	nref_acc_f2	comb_acc_f3	ref_acc_f3	nref_acc_f3
type_1	AQP12A	4	3	506	504	2	1.0000	1.0000	1.0000	1.0000	1.0000	1.0000	1.0000	1.0000	1.0000
type_1	C4A	4	41	506	262	244	0.9565	0.9874	0.9262	0.9256	0.9686	0.8835	0.8859	0.9281	0.8445
type_1	CFC1	4	6	506	506	0	0.9992	0.9992	NA	0.9992	0.9992	NA	0.9987	0.9987	NA
type_1	CHRNA7	4	6	506	412	94	0.9997	1.0000	0.9982	0.9997	1.0000	0.9982	0.9779	0.9769	0.9826
type_1	CTRB1	4	5	506	446	60	0.9630	0.9801	0.8491	0.9634	0.9801	0.8500	0.9515	0.9759	0.7856
type_1	DEFB103A	4	2	506	214	292	0.9261	0.9444	0.9130	0.9053	0.9240	0.8921	0.7743	0.8725	0.7015
type_1	DEFB104A	4	2	506	211	295	0.9906	0.9943	0.9881	0.9645	0.9769	0.9560	0.7429	0.8396	0.6748
type_1	DEFB105A	4	3	506	206	300	0.9683	0.9882	0.9559	0.8730	0.8521	0.8864	0.7219	0.8291	0.6539
type_1	DEFB106A	4	2	506	212	294	0.9953	1.0000	0.9920	0.9448	0.9602	0.9336	0.7704	0.8469	0.7115
type_1	DEFB107A	4	2	337	141	196	0.9110	0.9346	0.8949	0.9395	0.9804	0.9123	0.7825	0.8469	0.7399
type_1	DEFB4A	4	2	506	227	279	0.8907	0.8983	0.8846	0.8910	0.9017	0.8825	0.7823	0.8400	0.7350
type_1	EIF3C	4	20	506	406	100	0.9992	0.9996	0.9975	0.9848	0.9918	0.9581	0.9562	0.9640	0.9268
type_1	FCGR1A	6	6	506	392	114	0.9884	0.9862	0.9956	0.9968	0.9972	0.9955	0.9455	0.9799	0.8349
type_1	GPR89A	4	14	506	505	1	1.0000	1.0000	1.0000	1.0000	1.0000	1.0000	1.0000	1.0000	1.0000
type_1	GRAP	4	3	506	390	116	1.0000	1.0000	1.0000	1.0000	1.0000	1.0000	0.9791	0.9819	0.9700
type_1	GTF2H2	6	15	506	79	427	0.9111	0.8747	0.9159	0.9249	0.9315	0.9241	0.0731	0.0212	0.0797
type_1	RABL2A	4	8	506	506	0	0.9979	0.9979	NA	0.9979	0.9979	NA	1.0000	1.0000	NA
type_1	RSPH10B	4	19	506	498	8	0.9992	1.0000	0.9524	0.9992	1.0000	0.9524	0.9985	0.9992	0.9602
type_1	SERF1A	4	3	506	329	177	0.9949	0.9953	0.9942	0.9441	0.9561	0.9244	0.8631	0.8910	0.8085
type_1	SMN1	4	9	506	263	243	0.9953	0.9991	0.9916	0.9703	0.9781	0.9627	0.7605	0.7928	0.7291
type_1	SPAG11A	4	4	506	211	295	0.9830	0.9899	0.9785	0.9619	0.9698	0.9568	0.7312	0.8490	0.6501
type_1	TRIM49	6	6	506	501	5	0.9901	0.9931	0.6667	0.9901	0.9931	0.6667	0.9972	1.0000	0.6667
type_2	ACOT1	4	3	506	144	362	0.9979	1.0000	0.9972	0.9934	1.0000	0.9914	0.1054	0.0633	0.1161
type_2	ACSM2A	4	12	506	506	0	1.0000	1.0000	NA	1.0000	1.0000	NA	1.0000	1.0000	NA
type_2	ACSM5	4	11	506	491	15	0.9947	0.9953	0.9758	0.9947	0.9953	0.9758	0.9965	0.9976	0.9636
type_2	ACTR3B	4	8	506	503	3	0.9992	1.0000	0.8750	0.9992	1.0000	0.8750	1.0000	1.0000	1.0000
type_2	AKR1B10	4	4	506	506	0	1.0000	1.0000	NA	1.0000	1.0000	NA	1.0000	1.0000	NA
type_2	AKR1C1	4	7	506	504	2	0.9979	0.9986	0.8333	0.9979	0.9986	0.8333	0.9979	0.9986	0.8333
type_2	AKR7A3	4	3	506	506	0	1.0000	1.0000	NA	1.0000	1.0000	NA	1.0000	1.0000	NA
type_2	ALPP	4	7	506	503	3	0.8973	1.0000	0.8570	0.8973	1.0000	0.8570	0.9089	1.0000	0.8732
type_2	BMP8A	4	5	506	506	0	1.0000	1.0000	NA	1.0000	1.0000	NA	1.0000	1.0000	NA
type_2	C1QTNF9	4	2	506	505	1	1.0000	1.0000	NA	1.0000	1.0000	NA	0.9979	1.0000	0.0000
type_2	CCDC74A	4	8	506	504	2	0.9987	1.0000	0.6875	0.9987	1.0000	0.6875	0.9987	1.0000	0.6875
type_2	CD8B	4	5	506	504	2	1.0000	1.0000	1.0000	1.0000	1.0000	1.0000	1.0000	1.0000	1.0000
type_2	CDK11A	4	16	337	297	40	0.9936	0.9927	1.0000	1.0000	1.0000	1.0000	0.9946	0.9949	0.9930
type_2	CELA3A	4	7	506	478	28	0.9965	1.0000	0.9405	0.9965	1.0000	0.9405	0.9948	0.9978	0.9444
type_2	CKMT1A	4	9	506	487	19	0.9880	0.9914	0.9064	0.9880	0.9914	0.9064	0.9865	0.9898	0.9057
type_2	CYP11B1	4	6	506	506	0	1.0000	1.0000	NA	1.0000	1.0000	NA	1.0000	1.0000	NA
type_2	CYP2D6	4	9	506	400	106	0.9772	0.9805	0.9645	0.9774	0.9807	0.9645	0.9423	0.9937	0.7396
type_2	CYP4A11	4	11	506	505	1	1.0000	1.0000	1.0000	1.0000	1.0000	1.0000	1.0000	1.0000	1.0000
type_2	FBXW10	4	12	506	505	1	0.9983	1.0000	0.1667	0.9983	1.0000	0.1667	0.9983	1.0000	0.1667
type_2	FCGR3A	4	5	506	399	107	0.9958	1.0000	0.9810	0.9958	1.0000	0.9810	0.9858	0.9995	0.9365
type_2	GSTT2	4	4	506	108	398	0.9582	0.9157	0.9672	0.6328	0.6133	0.6368	0.0242	0.0597	0.0175
type_2	HBA1	4	3	506	506	0	NA	NA	NA	NA	NA	NA	NA	NA	NA
type_2	HBG1	4	3	506	503	3	0.9851	0.9851	1.0000	0.9851	0.9851	1.0000	0.9854	0.9853	1.0000
type_2	IFNL2	4	6	506	505	1	1.0000	1.0000	NA	1.0000	1.0000	NA	0.9990	1.0000	0.5000
type_2	KRT6A	6	5	506	505	1	1.0000	1.0000	NA	1.0000	1.0000	NA	1.0000	1.0000	NA
type_2	KRT81	4	3	506	506	0	1.0000	1.0000	NA	1.0000	1.0000	NA	1.0000	1.0000	NA
type_2	LGALS7	4	4	506	506	0	1.0000	1.0000	NA	1.0000	1.0000	NA	0.9979	0.9979	NA
type_2	LIMS1	6	9	506	505	1	0.9914	0.9916	0.8889	0.9977	0.9979	0.8889	0.9977	0.9979	0.8889
type_2	LYZL1	4	3	506	506	0	1.0000	1.0000	NA	1.0000	1.0000	NA	1.0000	1.0000	NA
type_2	MZT2A	4	3	506	502	4	0.9907	1.0000	0.3333	0.9907	1.0000	0.3333	0.9958	1.0000	0.3889
type_2	OBP2A	4	4	506	506	0	1.0000	1.0000	NA	1.0000	1.0000	NA	1.0000	1.0000	NA
type_2	ORM1	4	6	506	400	106	0.6782	0.7567	0.3483	0.5426	0.6066	0.2880	0.3258	0.3895	0.0962
type_2	PRB1	4	4	506	349	157	0.9511	0.9612	0.9291	0.9509	0.9578	0.9357	0.9536	0.9855	0.8779
type_2	RFPL4A	4	2	506	272	234	0.9054	0.9195	0.8852	0.8169	0.8333	0.7931	0.3358	0.5429	0.1194
type_2	RHCE	4	10	506	193	313	0.9475	0.9821	0.9286	0.9369	0.9530	0.9281	0.1703	0.1544	0.1789
type_2	ROPN1	4	3	506	506	0	1.0000	1.0000	NA	1.0000	1.0000	NA	1.0000	1.0000	NA
type_2	SAA1	4	2	506	504	2	0.9988	1.0000	0.5000	0.9988	1.0000	0.5000	0.9990	1.0000	0.5000
type_2	TBC1D26	4	7	506	506	0	1.0000	1.0000	NA	1.0000	1.0000	NA	1.0000	1.0000	NA
type_2	TIMM23	4	7	506	506	0	0.9984	0.9984	NA	0.9984	0.9984	NA	0.9988	0.9988	NA
type_2	TRGV2	4	2	181	181	0	NA	NA	NA	NA	NA	NA	NA	NA	NA
type_2	TRGV3	4	2	181	181	0	NA	NA	NA	NA	NA	NA	NA	NA	NA
type_2	TRIM16	4	7	506	503	3	0.9976	1.0000	0.6190	0.9976	1.0000	0.6190	0.9976	1.0000	0.6190
type_2	TRIM74	6	4	506	502	4	0.9994	1.0000	0.9375	0.9994	1.0000	0.9375	0.9995	1.0000	0.9375
type_2	TUBA3D	4	5	506	505	1	0.9979	0.9979	1.0000	0.9979	0.9979	1.0000	0.9992	0.9992	1.0000
type_2	TVP23B	4	7	506	505	1	0.9997	1.0000	0.8333	0.9997	1.0000	0.8333	0.9997	1.0000	0.8333
type_2	UGT2B15	4	2	506	218	288	0.9958	1.0000	0.9930	0.9831	0.9686	0.9929	0.1733	0.1690	0.1760
type_2	XCL1	4	3	506	506	0	1.0000	1.0000	NA	1.0000	1.0000	NA	1.0000	1.0000	NA
type_2	ZNF443	4	3	506	504	2	1.0000	1.0000	1.0000	1.0000	1.0000	1.0000	1.0000	1.0000	1.0000
type_2	ZNF773	4	3	506	505	1	0.9986	1.0000	0.3333	0.9986	1.0000	0.3333	0.9976	0.9986	0.5000
type_3	CATSPER2	4	12	506	485	21	0.9850	0.9913	0.8452	0.9850	0.9913	0.8452	0.9855	0.9911	0.8609
type_3	CDRT1	4	13	506	505	1	0.9987	1.0000	0.3846	0.9987	1.0000	0.3846	0.9987	1.0000	0.3846
type_3	CYP21A2	4	10	506	301	205	0.9659	0.9771	0.9505	0.9455	0.9737	0.9080	0.8914	0.9356	0.8289
type_3	DHX40	4	11	506	506	0	1.0000	1.0000	NA	1.0000	1.0000	NA	1.0000	1.0000	NA
type_3	FAM185A	4	7	156	156	0	1.0000	1.0000	NA	1.0000	1.0000	NA	1.0000	1.0000	NA
type_3	GBP1	4	2	506	506	0	1.0000	1.0000	NA	1.0000	1.0000	NA	1.0000	1.0000	NA
type_3	GTF2I	6	22	506	231	275	0.7519	0.9545	0.6003	0.7517	0.9646	0.5923	0.7524	0.9895	0.5724
type_3	NCF1	6	11	506	489	17	0.9822	0.9836	0.9432	0.9823	0.9838	0.9432	0.9933	0.9971	0.8764
type_3	OCLN	4	5	506	160	346	1.0000	1.0000	1.0000	0.9896	0.9779	0.9942	0.0736	0.0410	0.0864
type_3	OTOA	4	9	506	32	474	0.9979	1.0000	0.9978	0.9958	1.0000	0.9957	0.0000	0.0000	0.0000
type_3	PDPK1	4	9	506	418	88	0.9833	0.9992	0.9087	0.9833	0.9992	0.9087	0.9817	0.9996	0.9011
type_3	PDPR	4	15	337	73	264	0.9778	1.0000	0.9734	0.9425	0.9800	0.9354	0.0000	0.0000	0.0000
type_3	PDZK1	4	7	506	505	1	0.9997	1.0000	0.8571	0.9997	1.0000	0.8571	0.9997	1.0000	0.8571
type_3	SERHL2	4	9	506	386	120	0.9970	1.0000	0.9877	0.9928	1.0000	0.9711	0.9300	0.9900	0.7370
type_3	STRC	4	28	506	484	22	0.9870	0.9913	0.8961	0.9870	0.9913	0.8961	0.9856	0.9901	0.8914
type_3	THOC3	4	6	506	504	2	0.9972	1.0000	0.3333	0.9972	1.0000	0.3333	0.9972	1.0000	0.3333
type_3	ZNF658	4	4	506	478	28	0.9969	1.0000	0.9423	0.9969	1.0000	0.9423	0.9948	0.9978	0.9423
type_4	CD177	4	4	506	506	0	1.0000	1.0000	NA	1.0000	1.0000	NA	1.0000	1.0000	NA
type_4	CEL	4	5	337	310	27	0.9757	0.9926	0.7920	0.9844	0.9963	0.8364	0.9946	1.0000	0.9029
type_4	CYP2F1	4	5	506	505	1	0.9987	1.0000	0.4000	0.9987	1.0000	0.4000	0.9988	1.0000	0.4000
type_4	CYP4Z1	4	8	506	506	0	1.0000	1.0000	NA	1.0000	1.0000	NA	0.9995	0.9995	NA
type_4	FKBP9	4	9	506	505	1	1.0000	1.0000	1.0000	1.0000	1.0000	1.0000	1.0000	1.0000	1.0000
type_4	FOLH1	4	18	506	497	9	0.9985	1.0000	0.9198	0.9985	1.0000	0.9194	0.9995	1.0000	0.9712
type_4	GBA	4	6	506	506	0	0.9937	0.9937	NA	0.9937	0.9937	NA	0.9931	0.9931	NA
type_4	KIF27	4	15	506	501	5	0.9996	1.0000	0.9600	0.9996	1.0000	0.9600	0.9992	1.0000	0.9000
type_4	MMP23B	4	7	506	425	81	0.8282	0.8699	0.4706	0.9027	0.9518	0.4821	0.8575	0.9842	0.0571
type_4	MSTO1	4	14	506	505	1	0.9998	1.0000	0.9231	0.9993	0.9996	0.8571	0.9993	0.9997	0.8000
type_4	MTX1	4	5	506	502	4	0.9979	1.0000	0.7500	0.9979	1.0000	0.7500	0.9979	1.0000	0.7500
type_4	NOX4	4	10	506	502	4	0.9996	1.0000	0.9500	0.9996	1.0000	0.9500	0.9996	1.0000	0.9333
type_4	PPIP5K1	4	26	506	489	17	0.9880	0.9897	0.9412	0.9884	0.9902	0.9412	0.9895	0.9912	0.9412
type_4	PVRIG	4	3	506	504	2	0.9967	1.0000	0.5000	0.9966	1.0000	0.5000	0.9979	1.0000	0.0000
type_4	RRP7A	4	6	506	391	115	0.9946	0.9971	0.9847	0.9897	1.0000	0.9437	0.9093	0.9972	0.4981
type_4	SMPD4	4	18	506	505	1	1.0000	1.0000	1.0000	1.0000	1.0000	1.0000	1.0000	1.0000	1.0000
type_4	SUZ12	4	8	506	504	2	0.9992	1.0000	0.8125	0.9992	1.0000	0.8125	0.9992	1.0000	0.8125
type_4	TCP10L2	4	6	506	506	0	1.0000	1.0000	NA	1.0000	1.0000	NA	1.0000	1.0000	NA
type_split	ABCC6_refcn4	4	5	506	482	24	0.9979	1.0000	0.9545	0.9979	1.0000	0.9545	0.9958	1.0000	0.9000
type_split	ABCC6_refcn6	6	4	506	474	32	0.9959	1.0000	0.8333	0.9959	1.0000	0.8333	0.9604	1.0000	0.2188
type_split	ANXA8_refcn4	4	11	506	406	100	0.9936	0.9974	0.9791	0.9915	0.9974	0.9691	0.8999	0.9596	0.6700
type_split	ANXA8_refcn6	6	1	506	358	148	0.9485	0.9878	0.7333	0.9500	0.9882	0.7333	0.8580	0.9589	0.3667
type_split	ATAD3A_refcn4	4	10	506	461	45	0.9732	0.9953	0.7527	0.9768	0.9977	0.7682	0.9727	0.9942	0.7603
type_split	ATAD3A_refcn6	6	2	506	492	14	0.9907	1.0000	0.6667	0.9907	1.0000	0.6667	0.9967	1.0000	0.7500
type_split	CDRT15_refcn4	4	2	506	506	0	1.0000	1.0000	NA	1.0000	1.0000	NA	1.0000	1.0000	NA
type_split	CDRT15_refcn6	6	1	506	506	0	NA	NA	NA	NA	NA	NA	NA	NA	NA
type_split	CEP170_refcn4	4	15	337	337	0	1.0000	1.0000	NA	1.0000	1.0000	NA	1.0000	1.0000	NA
type_split	CSH1_refcn4	4	2	506	489	17	0.9863	0.9953	0.7500	0.9863	0.9953	0.7500	0.9872	0.9956	0.7500
type_split	CSH1_refcn6	6	3	506	495	11	0.7814	0.9866	0.6586	0.7814	0.9866	0.6586	0.7837	0.9888	0.6599
type_split	DDX11_refcn4	4	1	506	23	483	1.0000	NA	1.0000	0.0000	NA	0.0000	0.0000	NA	0.0000
type_split	DDX11_refcn6	6	25	506	504	2	0.9971	1.0000	0.3000	0.9971	1.0000	0.3000	0.9970	0.9998	0.3267
type_split	EMB_refcn4	4	6	506	503	3	0.9996	1.0000	0.9444	1.0000	1.0000	1.0000	0.9997	0.9997	1.0000
type_split	EMB_refcn6	6	1	506	506	0	1.0000	1.0000	NA	1.0000	1.0000	NA	1.0000	1.0000	NA
type_split	NOMO1_refcn6	6	22	506	469	37	0.9878	0.9927	0.9287	0.9940	0.9995	0.9287	0.9944	0.9999	0.9282
type_split	TPSAB1_refcn4	4	2	506	506	0	NA	NA	NA	NA	NA	NA	NA	NA	NA
type_split	TPSAB1_refcn6	6	3	506	506	0	NA	NA	NA	NA	NA	NA	NA	NA	NA
