gene_type	gene	refcn	num_exon	comb_acc_f1	ref_acc_f1	nref_acc_f1	comb_acc_f2	ref_acc_f2	nref_acc_f2
type_1	AQP12A	4	3	1.0000	1.0000	1.0000	0.9881	0.9920	0.0000
type_1	C4A	4	41	0.9565	0.9874	0.9262	NA	NA	NA
type_1	CFC1	4	6	0.9992	0.9992	NA	0.7538	0.9214	0.0434
type_1	CHRNA7	4	6	0.9997	1.0000	0.9982	NA	NA	NA
type_1	CTRB1	4	5	0.9630	0.9801	0.8491	0.9439	0.9675	0.7879
type_1	DEFB103A	4	2	0.9261	0.9444	0.9130	NA	NA	NA
type_1	DEFB104A	4	2	0.9906	0.9943	0.9881	0.3906	0.9618	0.0106
type_1	DEFB105A	4	3	0.9683	0.9882	0.9559	0.3478	0.9881	0.0063
type_1	DEFB106A	4	2	0.9953	1.0000	0.9920	0.3956	0.9550	0.0264
type_1	DEFB107A	4	2	0.9110	0.9346	0.8949	NA	NA	NA
type_1	DEFB4A	4	2	0.8907	0.8983	0.8846	0.4211	1.0000	0.0000
type_1	EIF3C	4	20	0.9992	0.9996	0.9975	0.7717	0.9519	0.0566
type_1	FCGR1A	6	6	0.9884	0.9862	0.9956	0.0030	0.0030	0.0028
type_1	GPR89A	4	14	1.0000	1.0000	1.0000	0.9963	0.9963	1.0000
type_1	GRAP	4	3	1.0000	1.0000	1.0000	NA	NA	NA
type_1	GTF2H2	6	15	0.9111	0.8747	0.9159	0.1867	0.2529	0.1786
type_1	RABL2A	4	8	0.9979	0.9979	NA	0.9809	0.9809	NA
type_1	RSPH10B	4	19	0.9992	1.0000	0.9524	0.5693	0.5736	0.3026
type_1	SERF1A	4	3	0.9949	0.9953	0.9942	NA	NA	NA
type_1	SMN1	4	9	0.9953	0.9991	0.9916	NA	NA	NA
type_1	SPAG11A	4	4	0.9830	0.9899	0.9785	0.3822	0.9460	0.0132
type_1	TRIM49	6	6	0.9901	0.9931	0.6667	NA	NA	NA
type_2	ACOT1	4	3	0.9979	1.0000	0.9972	0.2565	0.0480	0.3254
type_2	ACSM2A	4	12	1.0000	1.0000	NA	0.9823	0.9823	NA
type_2	ACSM5	4	11	0.9947	0.9953	0.9758	0.9747	0.9798	0.8182
type_2	ACTR3B	4	8	0.9992	1.0000	0.8750	0.9918	0.9940	0.6250
type_2	AKR1B10	4	4	1.0000	1.0000	NA	0.9990	0.9990	NA
type_2	AKR1C1	4	7	0.9979	0.9986	0.8333	0.9911	0.9917	0.8333
type_2	AKR7A3	4	3	1.0000	1.0000	NA	1.0000	1.0000	NA
type_2	ALPP	4	7	1.0000	1.0000	1.0000	NA	NA	NA
type_2	BMP8A	4	5	1.0000	1.0000	NA	0.9917	0.9917	NA
type_2	C1QTNF9	4	2	1.0000	1.0000	NA	0.9940	0.9950	0.5000
type_2	CCDC74A	4	8	0.9987	1.0000	0.6875	0.9846	0.9858	0.6875
type_2	CD8B	4	5	1.0000	1.0000	1.0000	NA	NA	NA
type_2	CDK11A	4	16	0.9936	0.9927	1.0000	0.9365	0.9386	0.9227
type_2	CELA3A	4	7	0.9965	1.0000	0.9405	0.9934	0.9982	0.9167
type_2	CKMT1A	4	9	0.9880	0.9914	0.9064	0.9861	0.9894	0.9056
type_2	CYP11B1	4	6	1.0000	1.0000	NA	0.9987	0.9987	NA
type_2	CYP2D6	4	9	0.9772	0.9805	0.9645	NA	NA	NA
type_2	CYP4A11	4	11	1.0000	1.0000	1.0000	1.0000	1.0000	1.0000
type_2	FBXW10	4	12	0.9983	1.0000	0.1667	NA	NA	NA
type_2	FCGR3A	4	5	0.9958	1.0000	0.9810	0.9841	0.9893	0.9651
type_2	GSTT2	4	4	0.9582	0.9157	0.9672	NA	NA	NA
type_2	HBA1	4	3	NA	NA	NA	NA	NA	NA
type_2	HBG1	4	3	0.9851	0.9851	1.0000	0.9596	0.9633	0.3333
type_2	IFNL2	4	6	1.0000	1.0000	NA	0.9533	0.9545	0.3333
type_2	KRT6A	6	5	1.0000	1.0000	NA	0.9955	0.9980	0.3750
type_2	KRT81	4	3	1.0000	1.0000	NA	0.9980	0.9980	NA
type_2	LGALS7	4	4	1.0000	1.0000	NA	0.8941	0.8941	NA
type_2	LIMS1	6	9	0.9914	0.9916	0.8889	NA	NA	NA
type_2	LYZL1	4	3	1.0000	1.0000	NA	1.0000	1.0000	NA
type_2	MZT2A	4	3	0.9907	1.0000	0.3333	0.9927	0.9967	0.5000
type_2	OBP2A	4	4	1.0000	1.0000	NA	0.9960	0.9960	NA
type_2	ORM1	4	6	0.6782	0.7567	0.3483	0.8058	0.9864	0.1606
type_2	PRB1	4	4	0.9511	0.9612	0.9291	0.9592	0.9834	0.9123
type_2	RFPL4A	4	2	0.9054	0.9195	0.8852	NA	NA	NA
type_2	RHCE	4	10	0.9475	0.9821	0.9286	0.4032	0.5292	0.3342
type_2	ROPN1	4	3	1.0000	1.0000	NA	1.0000	1.0000	NA
type_2	SAA1	4	2	0.9988	1.0000	0.5000	0.9891	0.9900	0.7500
type_2	TBC1D26	4	7	1.0000	1.0000	NA	0.9832	0.9832	NA
type_2	TIMM23	4	7	0.9984	0.9984	NA	NA	NA	NA
type_2	TRGV2	4	2	NA	NA	NA	NA	NA	NA
type_2	TRGV3	4	2	NA	NA	NA	NA	NA	NA
type_2	TRIM16	4	7	0.9976	1.0000	0.6190	0.9790	0.9811	0.6190
type_2	TRIM74	6	4	0.9994	1.0000	0.9375	NA	NA	NA
type_2	TUBA3D	4	5	0.9979	0.9979	1.0000	0.9610	0.9614	0.8000
type_2	TVP23B	4	7	0.9997	1.0000	0.8333	0.9934	0.9937	0.8333
type_2	UGT2B15	4	2	0.9958	1.0000	0.9930	0.5417	0.9852	0.2417
type_2	XCL1	4	3	1.0000	1.0000	NA	0.9950	0.9950	NA
type_2	ZNF443	4	3	1.0000	1.0000	1.0000	0.9536	0.9574	0.0000
type_2	ZNF773	4	3	0.9986	1.0000	0.3333	0.9583	0.9602	0.0000
type_3	CATSPER2	4	12	0.9850	0.9913	0.8452	NA	NA	NA
type_3	CDRT1	4	13	0.9987	1.0000	0.3846	NA	NA	NA
type_3	CYP21A2	4	10	0.9659	0.9771	0.9505	NA	NA	NA
type_3	DHX40	4	11	1.0000	1.0000	NA	NA	NA	NA
type_3	FAM185A	4	7	1.0000	1.0000	NA	NA	NA	NA
type_3	GBP1	4	2	1.0000	1.0000	NA	NA	NA	NA
type_3	GTF2I	6	22	0.7519	0.9545	0.6003	NA	NA	NA
type_3	NCF1	6	11	0.9822	0.9836	0.9432	NA	NA	NA
type_3	OCLN	4	5	1.0000	1.0000	1.0000	NA	NA	NA
type_3	OTOA	4	9	0.9979	1.0000	0.9978	NA	NA	NA
type_3	PDPK1	4	9	0.9833	0.9992	0.9087	NA	NA	NA
type_3	PDPR	4	15	0.9778	1.0000	0.9734	NA	NA	NA
type_3	PDZK1	4	7	0.9997	1.0000	0.8571	NA	NA	NA
type_3	SERHL2	4	9	0.9970	1.0000	0.9877	NA	NA	NA
type_3	STRC	4	28	0.9870	0.9913	0.8961	NA	NA	NA
type_3	THOC3	4	6	0.9972	1.0000	0.3333	NA	NA	NA
type_3	ZNF658	4	4	0.9969	1.0000	0.9423	NA	NA	NA
type_4	CD177	4	4	1.0000	1.0000	NA	0.9640	0.9640	NA
type_4	CEL	4	5	0.9757	0.9926	0.7920	NA	NA	NA
type_4	CYP2F1	4	5	0.9987	1.0000	0.4000	NA	NA	NA
type_4	CYP4Z1	4	8	1.0000	1.0000	NA	NA	NA	NA
type_4	FKBP9	4	9	1.0000	1.0000	1.0000	NA	NA	NA
type_4	FOLH1	4	18	0.9985	1.0000	0.9198	NA	NA	NA
type_4	GBA	4	6	0.9937	0.9937	NA	NA	NA	NA
type_4	KIF27	4	15	0.9996	1.0000	0.9600	NA	NA	NA
type_4	MMP23B	4	7	0.8282	0.8699	0.4706	NA	NA	NA
type_4	MSTO1	4	14	0.9998	1.0000	0.9231	NA	NA	NA
type_4	MTX1	4	5	0.9979	1.0000	0.7500	NA	NA	NA
type_4	NOX4	4	10	0.9996	1.0000	0.9500	NA	NA	NA
type_4	PPIP5K1	4	26	0.9880	0.9897	0.9412	NA	NA	NA
type_4	PVRIG	4	3	0.9967	1.0000	0.5000	NA	NA	NA
type_4	RRP7A	4	6	0.9946	0.9971	0.9847	NA	NA	NA
type_4	SMPD4	4	18	1.0000	1.0000	1.0000	NA	NA	NA
type_4	SUZ12	4	8	0.9992	1.0000	0.8125	NA	NA	NA
type_4	TCP10L2	4	6	1.0000	1.0000	NA	NA	NA	NA
type_split	ABCC6_refcn4	4	5	0.9979	1.0000	0.9545	NA	NA	NA
type_split	ABCC6_refcn6	6	4	0.9959	1.0000	0.8333	NA	NA	NA
type_split	ANXA8_refcn4	4	11	0.9936	0.9974	0.9791	0.0911	NA	0.0911
type_split	ANXA8_refcn6	6	1	0.9485	0.9878	0.7333	NA	NA	NA
type_split	ATAD3A_refcn4	4	10	0.9732	0.9953	0.7527	0.1892	NA	0.1892
type_split	ATAD3A_refcn6	6	2	0.9907	1.0000	0.6667	NA	NA	NA
type_split	CDRT15_refcn4	4	2	1.0000	1.0000	NA	NA	NA	NA
type_split	CDRT15_refcn6	6	1	NA	NA	NA	NA	NA	NA
type_split	CEP170_refcn4	4	15	1.0000	1.0000	NA	NA	NA	NA
type_split	CSH1_refcn4	4	2	0.9863	0.9953	0.7500	0.5109	NA	0.5109
type_split	CSH1_refcn6	6	3	0.9824	0.9897	0.7273	NA	NA	NA
type_split	DDX11_refcn4	4	1	1.0000	NA	1.0000	NA	NA	NA
type_split	DDX11_refcn6	6	25	0.9971	1.0000	0.3000	NA	NA	NA
type_split	EMB_refcn4	4	6	0.9996	1.0000	0.9444	NA	NA	NA
type_split	EMB_refcn6	6	1	1.0000	1.0000	NA	NA	NA	NA
type_split	NOMO1_refcn6	6	22	0.9878	0.9927	0.9287	0.8912	0.9100	0.7747
type_split	TPSAB1_refcn4	4	2	NA	NA	NA	NA	NA	NA
type_split	TPSAB1_refcn6	6	3	NA	NA	NA	NA	NA	NA
