gene	name	refcn	exp1	exp2	edgecopy1	edgecopy2
SMN1	HG00152	4	3,3,3,3,3,3,3	3,3	3,3,3,3,3,3,3	3,3
SMN1	HG00154	4	3,3,3,3,3,3,3	3,3	3,3,3,3,3,3,3	3,3
SMN1	HG00155	4	4,4,4,4,4,4,4	4,4	4,4,4,4,4,4,4	4,4
SMN1	HG00156	4	4,4,4,4,4,4,4	4,4	4,4,4,4,4,4,4	4,4
SMN1	HG00157	4	4,4,4,4,4,4,4	4,4	4,4,4,4,4,4,4	4,4
SMN1	HG00158	4	3,3,3,3,3,3,3	3,3	3,3,3,3,3,3,3	3,3
SMN1	HG00159	4	2,2,2,2,2,2,2	2,2	2,2,2,2,2,2,2	2,2
SMN1	HG00160	4	4,4,4,4,4,4,4	4,4	4,4,4,4,4,4,4	4,4
SMN1	HG00231	4	4,4,4,4,4,4,4	4,4	4,4,4,4,4,4,4	4,4
SMN1	HG00232	4	4,4,4,4,4,4,4	4,4	4,4,4,4,4,4,4	4,4
SMN1	HG00233	4	5,5,5,5,5,5,5	5,5	5,5,5,5,5,5,5	5,5
SMN1	HG00234	4	4,4,4,4,4,4,4	4,4	4,4,4,4,4,4,4	_,_
SMN1	HG00235	4	4,4,4,4,4,4,4	4,4	4,4,4,4,4,4,4	4,4
SMN1	HG00236	4	4,4,4,4,4,4,4	3,3	4,4,4,4,4,4,4	3,3
SMN1	HG00237	4	4,4,4,4,4,4,4	3,3	4,4,4,4,4,4,4	3,3
SMN1	HG00238	4	3,3,3,3,3,3,3	3,3	3,3,3,3,3,3,3	3,3
SMN1	HG00239	4	4,4,4,4,4,4,4	3,3	4,4,4,4,4,4,4	_,_
SMN1	HG00240	4	4,4,4,4,4,4,4	4,4	4,4,4,4,4,4,4	4,4
SMN1	HG00242	4	4,4,4,4,4,4,4	4,4	4,4,4,4,4,4,4	4,4
SMN1	HG00243	4	4,4,4,4,4,4,4	4,4	4,4,4,4,4,4,4	_,_
SMN1	HG00244	4	4,4,4,4,4,4,4	3,3	4,4,4,4,4,4,4	3,3
SMN1	HG00245	4	4,4,4,4,4,4,4	4,4	4,4,4,4,4,4,4	4,4
SMN1	HG00246	4	4,4,4,4,4,4,4	4,4	4,4,4,4,4,4,4	4,4
SMN1	HG00247	4	4,4,4,4,4,4,4	4,4	4,4,4,4,4,4,4	4,4
SMN1	HG00249	4	4,4,4,4,4,4,4	4,4	4,4,4,4,4,4,4	4,4
SMN1	HG00250	4	3,3,3,3,3,3,3	3,3	3,3,3,3,3,3,3	3,3
SMN1	HG00252	4	3,3,3,3,3,3,3	3,3	3,3,3,3,3,3,3	3,3
SMN1	HG00253	4	4,4,4,4,4,4,4	4,4	4,4,4,4,4,4,4	4,4
SMN1	HG00254	4	3,3,3,3,3,3,3	3,3	3,3,3,3,3,3,3	3,3
SMN1	HG00255	4	4,4,4,4,4,4,4	3,3	4,4,4,4,4,4,4	3,3
SMN1	HG00256	4	4,4,4,4,4,4,4	3,3	4,4,4,4,4,4,4	3,3
SMN1	HG00257	4	4,4,4,4,4,4,4	3,3	4,4,4,4,4,4,4	3,3
SMN1	HG00258	4	4,4,4,4,4,4,4	4,4	4,4,4,4,4,4,4	4,4
SMN1	HG00259	4	2,2,2,2,2,2,2	2,2	2,2,2,2,2,2,2	2,2
SMN1	HG00260	4	4,4,4,4,4,4,4	3,3	4,4,4,4,4,4,4	3,3
SMN1	HG00261	4	4,4,4,4,4,4,4	4,4	4,4,4,4,4,4,4	4,4
SMN1	HG00262	4	3,3,3,3,3,3,3	3,3	3,3,3,3,3,3,3	3,3
SMN1	HG00263	4	4,4,4,4,4,4,4	4,4	4,4,4,4,4,4,4	4,4
SMN1	HG00264	4	4,4,4,4,4,4,4	4,4	4,4,4,4,4,4,4	4,4
SMN1	HG00265	4	3,3,3,3,3,3,3	3,3	3,3,3,3,3,3,3	3,3
SMN1	HG01334	4	4,4,4,4,4,4,4	4,4	4,4,4,4,4,4,4	4,4
SMN1	HG01789	4	3,3,3,3,3,3,3	2,2	3,3,3,3,3,3,3	2,2
SMN1	HG01790	4	4,4,4,4,4,4,4	4,4	4,4,4,4,4,4,4	4,4
SMN1	HG01791	4	4,4,4,4,4,4,4	4,4	4,4,4,4,4,4,4	4,4
SMN1	HG02215	4	4,4,4,4,4,4,4	3,3	4,4,4,4,4,4,4	3,3
SMN1	HG00251	4	4,4,4,4,4,4,4	4,4	4,4,4,4,4,4,4	4,4
SMN1	HG00097	4	4,4,4,4,4,4,4	4,4	4,4,4,4,4,4,4	4,4
SMN1	HG00099	4	3,3,3,3,3,3,3	3,3	3,3,3,3,3,3,3	3,3
SMN1	HG00100	4	2,2,2,2,2,2,2	2,2	2,2,2,2,2,2,2	2,2
SMN1	HG00101	4	3,3,3,3,3,3,3	3,3	3,3,3,3,3,3,3	3,3
SMN1	HG00102	4	4,4,4,4,4,4,4	4,4	4,4,4,4,4,4,4	4,4
SMN1	HG00103	4	4,4,4,4,4,4,4	4,4	4,4,4,4,4,4,4	4,4
SMN1	HG00105	4	4,4,4,4,4,4,4	4,4	4,4,4,4,4,4,4	4,4
SMN1	HG00106	4	3,3,3,3,3,3,3	3,3	3,3,3,3,3,3,3	3,3
SMN1	HG00107	4	3,3,3,3,3,3,3	3,3	3,3,3,3,3,3,3	3,3
SMN1	HG00108	4	2,2,2,2,2,2,2	2,2	2,2,2,2,2,2,2	2,2
SMN1	HG00109	4	5,5,5,5,5,5,5	5,5	5,5,5,5,5,5,5	5,5
SMN1	HG00110	4	3,3,3,3,3,3,3	3,3	3,3,3,3,3,3,3	3,3
SMN1	HG00111	4	5,5,5,5,5,5,5	5,5	5,5,5,5,5,5,5	5,5
SMN1	HG00112	4	4,4,4,4,4,4,4	4,4	4,4,4,4,4,4,4	4,4
SMN1	HG00113	4	4,4,4,4,4,4,4	3,3	4,4,4,4,4,4,4	3,3
SMN1	HG00114	4	4,4,4,4,4,4,4	4,4	4,4,4,4,4,4,4	4,4
SMN1	HG00115	4	4,4,4,4,4,4,4	4,4	4,4,4,4,4,4,4	4,4
SMN1	HG00116	4	4,4,4,4,4,4,4	4,4	4,4,4,4,4,4,4	4,4
SMN1	HG00117	4	4,4,4,4,4,4,4	4,4	4,4,4,4,4,4,4	4,4
SMN1	HG00118	4	4,4,4,4,4,4,4	3,3	4,4,4,4,4,4,4	3,3
SMN1	HG00119	4	4,4,4,4,4,4,4	4,4	4,4,4,4,4,4,4	4,4
SMN1	HG00120	4	2,2,2,2,2,2,2	2,2	2,2,2,2,2,2,2	2,2
SMN1	HG00121	4	4,4,4,4,4,4,4	4,4	4,4,4,4,4,4,4	4,4
SMN1	HG00122	4	4,4,4,4,4,4,4	4,4	4,4,4,4,4,4,4	4,4
SMN1	HG00123	4	2,2,2,2,2,2,2	2,2	2,2,2,2,2,2,2	2,2
SMN1	HG00124	4	4,4,4,4,4,4,4	4,4	4,4,4,4,4,4,4	4,4
SMN1	HG00125	4	4,4,4,4,4,4,4	2,2	4,4,4,4,4,4,4	2,2
SMN1	HG00126	4	4,4,4,4,4,4,4	4,4	4,4,4,4,4,4,4	4,4
SMN1	HG00127	4	6,6,6,6,6,6,6	6,6	6,6,6,6,6,6,6	_,_
SMN1	HG00128	4	4,4,4,4,4,4,4	4,4	4,4,4,4,4,4,4	4,4
SMN1	HG00129	4	3,3,3,3,3,3,3	3,3	3,3,3,3,3,3,3	3,3
SMN1	HG00130	4	4,4,4,4,4,4,4	3,3	4,4,4,4,4,4,4	3,3
SMN1	HG00131	4	4,4,4,4,4,4,4	4,4	4,4,4,4,4,4,4	4,4
SMN1	HG00132	4	4,4,4,4,4,4,4	4,4	4,4,4,4,4,4,4	_,_
SMN1	HG00133	4	4,4,4,4,4,4,4	3,3	4,4,4,4,4,4,4	_,_
SMN1	HG00134	4	4,4,4,4,4,4,4	4,4	4,4,4,4,4,4,4	4,4
SMN1	HG00135	4	4,4,4,4,4,4,4	4,4	4,4,4,4,4,4,4	4,4
SMN1	HG00136	4	4,4,4,4,4,4,4	4,4	4,4,4,4,4,4,4	4,4
SMN1	HG00137	4	4,4,4,4,4,4,4	3,3	4,4,4,4,4,4,4	3,3
SMN1	HG00138	4	4,4,4,4,4,4,4	4,4	4,4,4,4,4,4,4	_,_
SMN1	HG00139	4	4,4,4,4,4,4,4	4,4	4,4,4,4,4,4,4	4,4
SMN1	HG00140	4	4,4,4,4,4,4,4	4,4	4,4,4,4,4,4,4	4,4
SMN1	HG00141	4	4,4,4,4,4,4,4	4,4	4,4,4,4,4,4,4	4,4
SMN1	HG00142	4	4,4,4,4,4,4,4	4,4	4,4,4,4,4,4,4	4,4
SMN1	HG00143	4	4,4,4,4,4,4,4	3,3	4,4,4,4,4,4,4	3,3
SMN1	HG00145	4	4,4,4,4,4,4,4	3,3	4,4,4,4,4,4,4	3,3
SMN1	HG00146	4	3,3,3,3,3,3,3	3,3	3,3,3,3,3,3,3	3,3
SMN1	HG00148	4	5,5,5,5,5,5,5	5,5	5,5,5,5,5,5,5	5,5
SMN1	HG00149	4	3,3,3,3,3,3,3	3,3	3,3,3,3,3,3,3	3,3
SMN1	HG00150	4	4,4,4,4,4,4,4	4,4	4,4,4,4,4,4,4	4,4
SMN1	HG00151	4	4,4,4,4,4,4,4	3,3	4,4,4,4,4,4,4	_,_
SMN1	HG01618	4	4,4,4,4,4,4,4	4,4	4,4,4,4,4,4,4	4,4
SMN1	HG01619	4	3,3,3,3,3,3,3	3,3	3,3,3,3,3,3,3	3,3
SMN1	HG01620	4	3,3,3,3,3,3,3	3,3	3,3,3,3,3,3,3	3,3
SMN1	HG01624	4	3,3,3,3,3,3,3	3,3	3,3,3,3,3,3,3	3,3
SMN1	HG01626	4	3,3,3,3,3,3,3	3,3	3,3,3,3,3,3,3	3,3
SMN1	HG01628	4	4,4,4,4,4,4,4	4,4	4,4,4,4,4,4,4	4,4
SMN1	HG01631	4	5,5,5,5,5,5,5	3,3	5,5,5,5,5,5,5	3,3
SMN1	HG01668	4	3,3,3,3,3,3,3	3,3	3,3,3,3,3,3,3	3,3
SMN1	HG01669	4	4,4,4,4,4,4,4	4,4	4,4,4,4,4,4,4	4,4
SMN1	HG01670	4	3,3,3,3,3,3,3	3,3	3,3,3,3,3,3,3	3,3
SMN1	HG01672	4	4,4,4,4,4,4,4	4,4	4,4,4,4,4,4,4	4,4
SMN1	HG01673	4	3,3,3,3,3,3,3	3,3	3,3,3,3,3,3,3	3,3
SMN1	HG01675	4	3,3,3,3,3,3,3	3,3	3,3,3,3,3,3,3	3,3
SMN1	HG01676	4	3,3,3,3,3,3,3	3,3	3,3,3,3,3,3,3	3,3
SMN1	HG01678	4	4,4,4,4,4,4,4	4,4	4,4,4,4,4,4,4	4,4
SMN1	HG01679	4	3,3,3,3,3,3,3	2,2	3,3,3,3,3,3,3	2,2
SMN1	HG01680	4	4,4,4,4,4,4,4	3,3	4,4,4,4,4,4,4	3,3
SMN1	HG01682	4	4,4,4,4,4,4,4	4,4	4,4,4,4,4,4,4	4,4
SMN1	HG01684	4	5,5,5,5,5,5,5	5,5	5,5,5,5,5,5,5	5,5
SMN1	HG01685	4	4,4,4,4,4,4,4	4,4	4,4,4,4,4,4,4	4,4
SMN1	HG01686	4	3,3,3,3,3,3,3	2,2	3,3,3,3,3,3,3	2,2
SMN1	HG01694	4	4,4,4,4,4,4,4	4,4	4,4,4,4,4,4,4	_,_
SMN1	HG01695	4	4,4,4,4,4,4,4	4,4	4,4,4,4,4,4,4	_,_
SMN1	HG01699	4	4,4,4,4,4,4,4	4,4	4,4,4,4,4,4,4	4,4
SMN1	HG01700	4	4,4,4,4,4,4,4	4,4	4,4,4,4,4,4,4	4,4
SMN1	HG01702	4	4,4,4,4,4,4,4	4,4	4,4,4,4,4,4,4	4,4
SMN1	HG01704	4	4,4,4,4,4,4,4	4,4	4,4,4,4,4,4,4	4,4
SMN1	HG01705	4	4,4,4,4,4,4,4	4,4	4,4,4,4,4,4,4	4,4
SMN1	HG01707	4	4,4,4,4,4,4,4	4,4	4,4,4,4,4,4,4	4,4
SMN1	HG01708	4	4,4,4,4,4,4,4	4,4	4,4,4,4,4,4,4	4,4
SMN1	HG01709	4	4,4,4,4,4,4,4	4,4	4,4,4,4,4,4,4	4,4
SMN1	HG01710	4	3,3,3,3,3,3,3	3,3	3,3,3,3,3,3,3	3,3
SMN1	HG01746	4	4,4,4,4,4,4,4	4,4	4,4,4,4,4,4,4	4,4
SMN1	HG01756	4	4,4,4,4,4,4,4	4,4	4,4,4,4,4,4,4	4,4
SMN1	HG01757	4	4,4,4,4,4,4,4	4,4	4,4,4,4,4,4,4	4,4
SMN1	HG01761	4	4,4,4,4,4,4,4	3,3	4,4,4,4,4,4,4	3,3
SMN1	HG01762	4	3,3,3,3,3,3,3	3,3	3,3,3,3,3,3,3	3,3
SMN1	HG01770	4	3,3,3,3,3,3,3	3,3	3,3,3,3,3,3,3	3,3
SMN1	HG01771	4	4,4,4,4,4,4,4	4,4	4,4,4,4,4,4,4	4,4
SMN1	HG01773	4	5,5,5,5,5,5,5	5,5	5,5,5,5,5,5,5	4,_
SMN1	HG01747	4	5,5,5,5,5,5,5	5,5	5,5,5,5,5,5,5	5,5
SMN1	HG02235	4	4,4,4,4,4,4,4	4,4	4,4,4,4,4,4,4	4,4
SMN1	HG02236	4	4,4,4,4,4,4,4	4,4	4,4,4,4,4,4,4	4,4
SMN1	HG02238	4	3,3,3,3,3,3,3	2,2	3,3,3,3,3,3,3	2,2
SMN1	HG02239	4	4,4,4,4,4,4,4	4,4	4,4,4,4,4,4,4	4,4
SMN1	HG02232	4	4,4,4,4,4,4,4	4,4	4,4,4,4,4,4,4	4,4
SMN1	HG02233	4	4,4,4,4,4,4,4	4,4	4,4,4,4,4,4,4	4,4
SMN1	HG01777	4	4,4,4,4,4,4,4	4,4	4,4,4,4,4,4,4	4,4
SMN1	HG01779	4	3,3,3,3,3,3,3	3,3	3,3,3,3,3,3,3	3,3
SMN1	HG01781	4	3,3,3,3,3,3,3	3,3	3,3,3,3,3,3,3	3,3
SMN1	HG02230	4	4,4,4,4,4,4,4	4,4	4,4,4,4,4,4,4	4,4
SMN1	HG02231	4	5,5,5,5,5,5,5	5,5	5,5,5,5,5,5,5	_,_
SMN1	HG01775	4	4,4,4,4,4,4,4	4,4	4,4,4,4,4,4,4	4,4
SMN1	HG01776	4	4,4,4,4,4,4,4	4,4	4,4,4,4,4,4,4	4,4
SMN1	HG02221	4	4,4,4,4,4,4,4	4,4	4,4,4,4,4,4,4	4,4
SMN1	HG02223	4	3,3,3,3,3,3,3	3,3	3,3,3,3,3,3,3	3,3
SMN1	HG01613	4	4,4,4,4,4,4,4	3,3	4,4,4,4,4,4,4	3,3
SMN1	HG01615	4	3,3,3,3,3,3,3	3,3	3,3,3,3,3,3,3	3,3
SMN1	HG01617	4	5,5,5,5,5,5,5	4,4	5,5,5,5,5,5,5	4,4
SMN1	HG01783	4	4,4,4,4,4,4,4	4,4	4,4,4,4,4,4,4	4,4
SMN1	HG01784	4	3,3,3,3,3,3,3	3,3	3,3,3,3,3,3,3	3,3
SMN1	HG02220	4	4,4,4,4,4,4,4	2,2	4,4,4,4,4,4,4	2,2
SMN1	HG01536	4	2,2,2,2,2,2,2	2,2	2,2,2,2,2,2,2	2,2
SMN1	HG01537	4	4,4,4,4,4,4,4	4,4	4,4,4,4,4,4,4	4,4
SMN1	HG01610	4	4,4,4,4,4,4,4	4,4	4,4,4,4,4,4,4	4,4
SMN1	HG01612	4	3,3,3,3,3,3,3	3,3	3,3,3,3,3,3,3	3,3
SMN1	HG01527	4	3,3,3,3,3,3,3	3,3	3,3,3,3,3,3,3	3,3
SMN1	HG01528	4	4,4,4,4,4,4,4	3,3	4,4,4,4,4,4,4	_,_
SMN1	HG01530	4	4,4,4,4,4,4,4	4,4	4,4,4,4,4,4,4	4,4
SMN1	HG01531	4	4,4,4,4,4,4,4	4,4	4,4,4,4,4,4,4	4,4
SMN1	HG01605	4	4,4,4,4,4,4,4	4,4	4,4,4,4,4,4,4	4,4
SMN1	HG01606	4	4,4,4,4,4,4,4	4,4	4,4,4,4,4,4,4	4,4
SMN1	HG01607	4	4,4,4,4,4,4,4	4,4	4,4,4,4,4,4,4	4,4
SMN1	HG01608	4	2,2,2,2,2,2,2	2,2	2,2,2,2,2,2,2	2,2
SMN1	HG01524	4	3,3,3,3,3,3,3	3,3	3,3,3,3,3,3,3	3,3
SMN1	HG01525	4	3,3,3,3,3,3,3	3,3	3,3,3,3,3,3,3	3,3
SMN1	HG01602	4	4,4,4,4,4,4,4	4,4	4,4,4,4,4,4,4	4,4
SMN1	HG01603	4	3,3,3,3,3,3,3	3,3	3,3,3,3,3,3,3	3,3
SMN1	HG01507	4	4,4,4,4,4,4,4	4,4	4,4,4,4,4,4,4	4,4
SMN1	HG01509	4	4,4,4,4,4,4,4	4,4	4,4,4,4,4,4,4	4,4
SMN1	HG01510	4	3,3,3,3,3,3,3	3,3	3,3,3,3,3,3,3	3,3
SMN1	HG01518	4	3,3,3,3,3,3,3	3,3	3,3,3,3,3,3,3	3,3
SMN1	HG01519	4	2,2,2,2,2,2,2	2,2	2,2,2,2,2,2,2	2,2
SMN1	HG01521	4	4,4,4,4,4,4,4	3,3	4,4,4,4,4,4,4	3,3
SMN1	HG01522	4	4,4,4,4,4,4,4	4,4	4,4,4,4,4,4,4	4,4
SMN1	HG01501	4	4,4,4,4,4,4,4	4,4	4,4,4,4,4,4,4	4,4
SMN1	HG01503	4	4,4,4,4,4,4,4	4,4	4,4,4,4,4,4,4	4,4
SMN1	HG01504	4	4,4,4,4,4,4,4	4,4	4,4,4,4,4,4,4	4,4
SMN1	HG01512	4	4,4,4,4,4,4,4	3,3	4,4,4,4,4,4,4	_,_
SMN1	HG01513	4	4,4,4,4,4,4,4	4,4	4,4,4,4,4,4,4	4,4
SMN1	HG01515	4	5,5,5,5,5,5,5	5,5	5,5,5,5,5,5,5	5,5
SMN1	HG01516	4	3,3,3,3,3,3,3	2,2	3,3,3,3,3,3,3	2,2
SMN1	NA20585	4	4,4,4,4,4,4,4	4,4	4,4,4,4,4,4,4	4,4
SMN1	NA20586	4	3,3,3,3,3,3,3	3,3	3,3,3,3,3,3,3	3,3
SMN1	NA20588	4	4,4,4,4,4,4,4	4,4	_,4,4,4,4,4,4	4,4
SMN1	NA20589	4	4,4,4,4,4,4,4	4,4	4,4,4,4,4,4,4	4,4
SMN1	NA20752	4	5,5,5,5,5,5,5	5,5	5,5,5,5,5,5,5	5,5
SMN1	NA20753	4	4,4,4,4,4,4,4	4,4	4,4,4,4,4,4,4	4,4
SMN1	NA20754	4	4,4,4,4,4,4,4	3,3	4,4,4,4,4,4,4	3,3
SMN1	NA20755	4	5,5,5,5,5,5,5	5,5	5,5,5,5,5,5,5	5,5
SMN1	NA20756	4	2,2,2,2,2,2,2	2,2	2,2,2,2,2,2,2	2,2
SMN1	NA20757	4	3,3,3,3,3,3,3	3,3	3,3,3,3,3,3,3	3,3
SMN1	NA20758	4	4,4,4,4,4,4,4	4,4	4,4,4,4,4,4,4	4,4
SMN1	NA20760	4	2,2,2,2,2,2,2	2,2	2,2,2,2,2,2,2	2,2
SMN1	NA20761	4	4,4,4,4,4,4,4	4,4	4,4,4,4,4,4,4	4,4
SMN1	NA20762	4	4,4,4,4,4,4,4	4,4	4,4,4,4,4,4,4	4,4
SMN1	NA20763	4	4,4,4,4,4,4,4	4,4	4,4,4,4,4,4,4	4,4
SMN1	NA20765	4	4,4,4,4,4,4,4	3,3	4,4,4,4,4,4,4	3,3
SMN1	NA20766	4	3,3,3,3,3,3,3	3,3	3,3,3,3,3,3,3	3,3
SMN1	NA20767	4	4,4,4,4,4,4,4	2,2	4,4,4,4,4,4,4	2,2
SMN1	NA20768	4	2,2,2,2,2,2,2	2,2	2,2,2,2,2,2,2	2,2
SMN1	NA20769	4	4,4,4,4,4,4,4	4,4	4,4,4,4,4,4,4	4,4
SMN1	NA20770	4	3,3,3,3,3,3,3	3,3	3,3,3,3,3,3,3	3,3
SMN1	NA20771	4	4,4,4,4,4,4,4	3,3	4,4,4,4,4,4,4	4,4
SMN1	NA20772	4	4,4,4,4,4,4,4	4,4	4,4,4,4,4,4,4	4,4
SMN1	NA20773	4	4,4,4,4,4,4,4	4,4	4,4,4,4,4,4,4	4,4
SMN1	NA20774	4	3,3,3,3,3,3,3	3,3	3,3,3,3,3,3,3	3,3
SMN1	NA20775	4	5,5,5,5,5,5,5	4,4	5,5,5,5,5,5,5	5,5
SMN1	NA20778	4	3,3,3,3,3,3,3	3,3	3,3,3,3,3,3,3	3,3
SMN1	NA20783	4	5,5,5,5,5,5,5	5,5	5,5,5,5,5,5,5	5,5
SMN1	NA20785	4	3,3,3,3,3,3,3	2,2	3,3,3,3,3,3,3	_,_
SMN1	NA20786	4	4,4,4,4,4,4,4	3,3	4,4,4,4,4,4,4	4,_
SMN1	NA20787	4	3,3,3,3,3,3,3	2,2	3,3,3,3,3,3,3	3,3
SMN1	NA20790	4	2,2,2,2,2,2,2	2,2	2,2,2,2,2,2,2	2,2
SMN1	NA20792	4	4,4,4,4,4,4,4	4,4	4,4,4,4,4,4,4	4,4
SMN1	NA20795	4	4,4,4,4,4,4,4	4,4	4,4,4,4,4,4,4	4,4
SMN1	NA20796	4	4,4,4,4,4,4,4	4,4	4,4,4,4,4,4,4	4,4
SMN1	NA20797	4	4,4,4,4,4,4,4	4,4	4,4,4,4,4,4,4	4,4
SMN1	NA20798	4	5,5,5,5,5,5,5	5,5	5,5,5,5,5,5,5	5,5
SMN1	NA20799	4	3,3,3,3,3,3,3	3,3	3,3,3,3,3,3,3	3,3
SMN1	NA20800	4	4,4,4,4,4,4,4	3,3	4,4,4,4,4,4,4	3,3
SMN1	NA20801	4	4,4,4,4,4,4,4	3,3	4,4,4,4,4,4,4	3,3
SMN1	NA20802	4	4,4,4,4,4,4,4	3,3	4,4,4,4,4,4,4	3,3
SMN1	NA20764	4	3,3,3,3,3,3,3	3,3	3,3,3,3,3,3,3	3,3
SMN1	NA20503	4	4,4,4,4,4,4,4	4,4	4,4,4,4,4,4,4	4,4
SMN1	NA20504	4	4,4,4,4,4,4,4	4,4	4,4,4,4,_,_,_	4,4
SMN1	NA20505	4	3,3,3,3,3,3,3	3,3	3,3,3,3,3,3,3	3,3
SMN1	NA20506	4	3,3,3,3,3,3,3	3,3	3,3,3,3,3,3,3	3,3
SMN1	NA20507	4	4,4,4,4,4,4,4	4,4	4,4,4,4,4,4,4	4,4
SMN1	NA20508	4	4,4,4,4,4,4,4	4,4	4,4,4,4,4,4,4	4,4
SMN1	NA20509	4	4,4,4,4,4,4,4	4,4	4,4,4,4,4,4,4	4,4
SMN1	NA20510	4	4,4,4,4,4,4,4	4,4	4,4,4,4,4,4,4	4,4
SMN1	NA20512	4	4,4,4,4,4,4,4	4,4	4,4,4,4,4,4,4	4,4
SMN1	NA20513	4	4,4,4,4,4,4,4	4,4	4,4,4,4,4,4,4	4,4
SMN1	NA20514	4	4,4,4,4,4,4,4	4,4	4,4,4,4,4,4,4	4,4
SMN1	NA20515	4	6,6,6,6,6,6,6	6,6	6,6,6,6,6,6,6	6,6
SMN1	NA20517	4	4,4,4,4,4,4,4	4,4	4,4,4,4,4,4,4	4,4
SMN1	NA20518	4	4,4,4,4,4,4,4	4,4	4,4,4,4,4,4,4	4,4
SMN1	NA20519	4	3,3,3,3,3,3,3	3,3	3,3,3,3,3,3,3	3,3
SMN1	NA20521	4	4,4,4,4,4,4,4	3,3	4,4,4,4,4,4,4	3,3
SMN1	NA20522	4	4,4,4,4,4,4,4	4,4	4,4,4,4,4,4,4	4,4
SMN1	NA20524	4	3,3,3,3,3,3,3	3,3	3,3,3,3,3,3,3	3,3
SMN1	NA20525	4	4,4,4,4,4,4,4	4,4	4,4,4,4,4,4,4	4,4
SMN1	NA20527	4	4,4,4,4,4,4,4	4,4	_,_,_,_,_,_,_	_,_
SMN1	NA20528	4	4,4,4,4,4,4,4	4,4	4,4,4,4,4,4,4	4,4
SMN1	NA20529	4	3,3,3,3,3,3,3	3,3	3,3,3,3,3,3,3	3,3
SMN1	NA20530	4	4,4,4,4,4,4,4	4,4	4,4,4,4,4,4,4	_,_
SMN1	NA20531	4	3,3,3,3,3,3,3	3,3	3,3,3,3,3,3,3	3,3
SMN1	NA20532	4	4,4,4,4,4,4,4	3,3	4,4,4,4,4,4,4	3,3
SMN1	NA20533	4	4,4,4,4,4,4,4	4,4	4,4,4,4,4,4,4	4,4
SMN1	NA20535	4	4,4,4,4,4,4,4	4,4	4,4,4,4,4,4,4	4,4
SMN1	NA20536	4	4,4,4,4,4,4,4	3,3	4,4,4,4,4,4,4	3,3
SMN1	NA20537	4	5,5,5,5,5,5,5	5,5	5,5,5,5,5,5,5	_,_
SMN1	NA20538	4	4,4,4,4,4,4,4	4,4	4,4,4,4,4,4,4	4,4
SMN1	NA20539	4	4,4,4,4,4,4,4	3,3	_,_,_,_,_,_,_	_,_
SMN1	NA20540	4	4,4,4,4,4,4,4	4,4	4,4,4,4,4,4,4	4,4
SMN1	NA20541	4	4,4,4,4,4,4,4	4,4	4,4,4,4,4,4,4	4,4
SMN1	NA20542	4	3,3,3,3,3,3,3	2,2	3,3,3,3,3,3,3	_,_
SMN1	NA20543	4	4,4,4,4,4,4,4	4,4	4,4,4,4,4,4,4	4,4
SMN1	NA20544	4	4,4,4,4,4,4,4	4,4	4,4,4,4,4,4,4	4,4
SMN1	NA20581	4	3,3,3,3,3,3,3	3,3	3,3,3,3,3,3,3	3,3
SMN1	NA20582	4	5,5,5,5,5,5,5	5,5	5,5,5,5,5,5,5	5,5
SMN1	NA20803	4	4,4,4,4,4,4,4	4,4	4,4,4,4,4,4,4	_,_
SMN1	NA20804	4	4,4,4,4,4,4,4	4,4	4,4,4,4,4,4,4	4,4
SMN1	NA20805	4	3,3,3,3,3,3,3	3,3	3,3,3,3,3,3,3	3,3
SMN1	NA20806	4	4,4,4,4,4,4,4	4,4	4,4,4,4,4,4,4	4,4
SMN1	NA20807	4	4,4,4,4,4,4,4	4,4	4,4,4,4,4,4,4	4,4
SMN1	NA20808	4	3,3,3,3,3,3,3	3,3	3,3,3,3,3,3,3	3,3
SMN1	NA20809	4	4,4,4,4,4,4,4	4,4	4,4,4,4,4,4,4	4,4
SMN1	NA20810	4	4,4,4,4,4,4,4	4,4	4,4,4,4,4,4,4	4,4
SMN1	NA20811	4	4,4,4,4,4,4,4	3,3	4,4,4,4,4,4,4	3,3
SMN1	NA20812	4	3,3,3,3,3,3,3	3,3	3,3,3,3,3,3,3	3,3
SMN1	NA20813	4	3,3,3,3,3,3,3	3,3	3,3,3,3,3,3,3	3,3
SMN1	HG00330	4	4,4,4,4,4,4,4	4,4	4,4,4,4,4,4,4	4,4
SMN1	HG00331	4	4,4,4,4,4,4,4	4,4	4,4,4,4,4,4,4	4,4
SMN1	HG00332	4	4,4,4,4,4,4,4	4,4	4,4,4,4,4,4,4	4,4
SMN1	HG00334	4	4,4,4,4,4,4,4	4,4	4,4,4,4,4,4,4	_,_
SMN1	HG00335	4	4,4,4,4,4,4,4	4,4	4,4,4,4,4,4,4	4,4
SMN1	HG00336	4	4,4,4,4,4,4,4	4,4	4,4,4,4,4,4,4	_,_
SMN1	HG00337	4	4,4,4,4,4,4,4	4,4	4,4,4,4,4,4,4	4,4
SMN1	HG00338	4	4,4,4,4,4,4,4	4,4	4,4,4,4,4,4,4	4,4
SMN1	HG00339	4	4,4,4,4,4,4,4	3,3	4,4,4,4,4,4,4	_,_
SMN1	HG00341	4	4,4,4,4,4,4,4	4,4	4,4,4,4,4,4,4	4,4
SMN1	HG00342	4	3,3,3,3,3,3,3	3,3	3,3,3,3,3,3,3	3,3
SMN1	HG00343	4	2,2,2,2,2,2,2	2,2	2,2,2,2,2,2,2	2,2
SMN1	HG00344	4	4,4,4,4,4,4,4	4,4	4,4,4,4,4,4,4	4,4
SMN1	HG00345	4	4,4,4,4,4,4,4	4,4	4,4,4,4,4,4,4	4,4
SMN1	HG00346	4	4,4,4,4,4,4,4	4,4	4,4,4,4,4,4,4	4,4
SMN1	HG00349	4	3,3,3,3,3,3,3	3,3	_,3,3,3,3,3,3	3,3
SMN1	HG00350	4	2,2,2,2,2,2,2	2,2	2,2,2,2,2,2,2	2,2
SMN1	HG00351	4	4,4,4,4,4,4,4	3,3	4,4,4,4,4,4,4	3,3
SMN1	HG00353	4	4,4,4,4,4,4,4	4,4	4,4,4,4,4,4,4	4,4
SMN1	HG00355	4	4,4,4,4,4,4,4	4,4	4,4,4,4,4,4,4	4,4
SMN1	HG00356	4	4,4,4,4,4,4,4	4,4	4,4,4,4,4,4,4	4,4
SMN1	HG00357	4	3,3,3,3,3,3,3	3,3	3,3,3,3,3,3,3	3,3
SMN1	HG00358	4	2,2,2,2,2,2,2	2,2	2,2,2,2,2,2,2	2,2
SMN1	HG00359	4	3,3,3,3,3,3,3	3,3	3,3,3,3,3,3,3	3,3
SMN1	HG00360	4	4,4,4,4,4,4,4	4,4	4,4,4,4,4,4,4	4,4
SMN1	HG00361	4	3,3,3,3,3,3,3	3,3	3,3,3,3,3,3,3	3,3
SMN1	HG00362	4	3,3,3,3,3,3,3	3,3	3,3,3,3,3,3,3	3,3
SMN1	HG00364	4	4,4,4,4,4,4,4	4,4	4,4,4,4,4,4,4	_,_
SMN1	HG00365	4	4,4,4,4,4,4,4	4,4	4,4,4,4,4,4,4	4,4
SMN1	HG00366	4	3,3,3,3,3,3,3	3,3	3,3,3,3,3,3,3	3,3
SMN1	HG00367	4	3,3,3,3,3,3,3	3,3	3,3,3,3,3,3,3	_,_
SMN1	HG00368	4	3,3,3,3,3,3,3	3,3	3,3,3,3,3,3,3	3,3
SMN1	HG00369	4	4,4,4,4,4,4,4	4,4	4,4,4,4,4,4,4	_,_
SMN1	HG00371	4	4,4,4,4,4,4,4	4,4	4,4,4,4,4,4,4	4,4
SMN1	HG00372	4	4,4,4,4,4,4,4	4,4	4,4,4,4,4,4,4	4,4
SMN1	HG00373	4	4,4,4,4,4,4,4	3,3	4,4,4,4,4,4,4	3,3
SMN1	HG00375	4	4,4,4,4,4,4,4	4,4	4,4,4,4,4,4,4	4,4
SMN1	HG00376	4	4,4,4,4,4,4,4	4,4	4,4,4,4,4,4,4	4,4
SMN1	HG00377	4	4,4,4,4,4,4,4	4,4	4,4,4,4,4,4,4	4,4
SMN1	HG00378	4	3,3,3,3,3,3,3	3,3	3,3,3,3,3,3,3	3,3
SMN1	HG00379	4	3,3,3,3,3,3,3	3,3	3,3,3,3,3,3,3	3,3
SMN1	HG00380	4	3,3,3,3,3,3,3	3,3	3,3,3,3,3,3,3	3,3
SMN1	HG00381	4	4,4,4,4,4,4,4	4,4	4,4,4,4,4,4,4	_,_
SMN1	HG00382	4	4,4,4,4,4,4,4	4,4	4,4,4,4,4,4,4	4,4
SMN1	HG00383	4	4,4,4,4,4,4,4	4,4	4,4,4,4,4,4,4	4,4
SMN1	HG00384	4	4,4,4,4,4,4,4	4,4	4,4,4,4,4,4,4	4,4
SMN1	HG00171	4	3,3,3,3,3,3,3	3,3	3,3,3,3,3,3,3	3,3
SMN1	HG00173	4	3,3,3,3,3,3,3	3,3	3,3,3,3,3,3,3	3,3
SMN1	HG00174	4	4,4,4,4,4,4,4	4,4	4,4,4,4,4,4,4	4,4
SMN1	HG00176	4	3,3,3,3,3,3,3	3,3	3,3,3,3,3,3,3	3,3
SMN1	HG00177	4	3,3,3,3,3,3,3	2,2	3,3,3,3,3,3,3	2,2
SMN1	HG00178	4	3,3,3,3,3,3,3	3,3	3,3,3,3,3,3,3	3,3
SMN1	HG00179	4	5,5,5,5,5,5,5	5,5	5,5,5,5,5,5,5	_,_
SMN1	HG00180	4	3,3,3,3,3,3,3	3,3	3,3,3,3,3,3,3	3,3
SMN1	HG00181	4	4,4,4,4,4,4,4	4,4	4,4,4,4,4,4,4	4,4
SMN1	HG00182	4	4,4,4,4,4,4,4	4,4	4,4,4,4,4,4,4	4,4
SMN1	HG00183	4	3,3,3,3,3,3,3	3,3	3,3,3,3,3,3,3	3,3
SMN1	HG00185	4	3,3,3,3,3,3,3	3,3	3,3,3,3,3,3,3	3,3
SMN1	HG00186	4	4,4,4,4,4,4,4	4,4	4,4,4,4,4,4,4	4,4
SMN1	HG00187	4	3,3,3,3,3,3,3	3,3	3,3,3,3,3,3,3	3,3
SMN1	HG00188	4	4,4,4,4,4,4,4	3,3	3,3,3,3,3,3,3	3,3
SMN1	HG00189	4	4,4,4,4,4,4,4	4,4	4,4,4,4,4,4,4	4,4
SMN1	HG00190	4	4,4,4,4,4,4,4	4,4	4,4,4,4,4,4,4	4,4
SMN1	HG00266	4	4,4,4,4,4,4,4	4,4	4,4,4,4,4,4,4	4,4
SMN1	HG00267	4	3,3,3,3,3,3,3	3,3	3,3,3,3,3,3,3	3,3
SMN1	HG00269	4	4,4,4,4,4,4,4	4,4	4,4,4,4,4,4,4	4,4
SMN1	HG00271	4	3,3,3,3,3,3,3	3,3	3,3,3,3,3,3,3	3,3
SMN1	HG00272	4	4,4,4,4,4,4,4	3,3	4,4,4,4,4,4,4	3,3
SMN1	HG00273	4	4,4,4,4,4,4,4	4,4	4,4,4,4,4,4,4	4,4
SMN1	HG00274	4	4,4,4,4,4,4,4	4,4	4,4,4,4,4,4,4	4,4
SMN1	HG00275	4	4,4,4,4,4,4,4	4,4	4,4,4,4,4,4,4	4,4
SMN1	HG00276	4	4,4,4,4,4,4,4	4,4	4,4,4,4,4,4,4	4,4
SMN1	HG00277	4	3,3,3,3,3,3,3	3,3	3,3,3,3,3,3,3	3,3
SMN1	HG00278	4	4,4,4,4,4,4,4	4,4	4,4,4,4,4,4,4	_,_
SMN1	HG00281	4	4,4,4,4,4,4,4	4,4	4,4,4,4,4,4,4	4,4
SMN1	HG00282	4	3,3,3,3,3,3,3	3,3	3,3,3,3,3,3,3	3,3
SMN1	HG00284	4	4,4,4,4,4,4,4	4,4	4,4,4,4,4,4,4	4,4
SMN1	HG00285	4	4,4,4,4,4,4,4	4,4	4,4,4,4,4,4,4	4,4
SMN1	HG00306	4	4,4,4,4,4,4,4	4,4	4,4,4,4,4,4,4	_,_
SMN1	HG00308	4	3,3,3,3,3,3,3	3,3	3,3,3,3,3,3,3	3,3
SMN1	HG00309	4	4,4,4,4,4,4,4	3,3	4,4,4,4,4,4,4	_,_
SMN1	HG00310	4	3,3,3,3,3,3,3	3,3	3,3,3,3,3,3,3	3,3
SMN1	HG00311	4	3,3,3,3,3,3,3	3,3	3,3,3,3,3,3,3	3,3
SMN1	HG00312	4	3,3,3,3,3,3,3	3,3	3,3,3,3,3,3,3	3,3
SMN1	HG00313	4	3,3,3,3,3,3,3	3,3	3,3,3,3,3,3,3	3,3
SMN1	HG00315	4	4,4,4,4,4,4,4	4,4	4,4,4,4,4,4,4	4,4
SMN1	HG00318	4	5,5,5,5,5,5,5	5,5	5,5,5,5,5,5,5	5,5
SMN1	HG00319	4	3,3,3,3,3,3,3	3,3	3,3,3,3,3,3,3	3,3
SMN1	HG00320	4	3,3,3,3,3,3,3	3,3	3,3,3,3,3,3,3	3,3
SMN1	HG00323	4	4,4,4,4,4,4,4	4,4	4,4,4,4,4,4,4	4,4
SMN1	HG00324	4	3,3,3,3,3,3,3	3,3	3,3,3,3,3,3,3	3,3
SMN1	HG00325	4	4,4,4,4,4,4,4	4,4	4,4,4,4,4,4,4	4,4
SMN1	HG00326	4	3,3,3,3,3,3,3	3,3	3,3,3,3,3,3,3	3,3
SMN1	HG00327	4	4,4,4,4,4,4,4	4,4	4,4,4,4,4,4,4	4,4
SMN1	HG00329	4	5,5,5,5,5,5,5	5,5	5,5,5,5,5,5,5	_,_
SMN1	HG00321	4	3,3,3,3,3,3,3	3,3	3,3,3,3,3,3,3	3,3
SMN1	HG00328	4	4,4,4,4,4,4,4	3,3	4,4,4,4,4,4,4	3,3
SMN1	NA18995	4	5,5,5,5,5,5,5	5,5	5,5,5,5,5,5,5	5,5
SMN1	NA18997	4	2,2,2,2,2,2,2	2,2	2,2,2,2,2,2,2	2,2
SMN1	NA18998	4	4,4,4,4,4,4,4	4,4	4,4,4,4,4,4,4	4,4
SMN1	NA18999	4	4,4,4,4,4,4,4	4,4	4,4,4,4,4,4,4	4,4
SMN1	NA19000	4	3,3,3,3,3,3,3	3,3	3,3,3,3,3,3,3	3,3
SMN1	NA19001	4	4,4,4,4,4,4,4	4,4	4,4,4,4,4,4,4	4,4
SMN1	NA19003	4	4,4,4,4,4,4,4	4,4	4,4,4,4,4,4,4	4,4
SMN1	NA19004	4	3,3,3,3,3,3,3	3,3	3,3,3,3,3,3,3	3,3
SMN1	NA19005	4	4,4,4,4,4,4,4	4,4	4,4,4,4,4,4,4	4,4
SMN1	NA19007	4	4,4,4,4,4,4,4	4,4	4,4,4,4,4,4,4	4,4
SMN1	NA19009	4	4,4,4,4,4,4,4	4,4	4,4,4,4,4,4,4	4,4
SMN1	NA19011	4	4,4,4,4,4,4,4	4,4	4,4,4,4,4,4,4	4,4
SMN1	NA19012	4	4,4,4,4,4,4,4	4,4	4,4,4,4,4,4,4	4,4
SMN1	NA19054	4	4,4,4,4,4,4,4	4,4	4,4,4,4,4,4,4	4,4
SMN1	NA19055	4	4,4,4,4,4,4,4	4,4	4,4,4,4,4,4,4	4,4
SMN1	NA19056	4	4,4,4,4,4,4,4	4,4	4,4,4,4,4,4,4	4,4
SMN1	NA19057	4	3,3,3,3,3,3,3	3,3	3,3,3,3,3,3,3	3,3
SMN1	NA19058	4	3,3,3,3,3,3,3	3,3	3,3,3,3,3,3,3	3,3
SMN1	NA19059	4	3,3,3,3,3,3,3	3,3	3,3,3,3,3,3,3	3,3
SMN1	NA19060	4	3,3,3,3,3,3,3	3,3	3,3,3,3,3,3,3	3,3
SMN1	NA19062	4	4,4,4,4,4,4,4	4,4	4,4,4,4,4,4,4	4,4
SMN1	NA19063	4	4,4,4,4,4,4,4	4,4	4,4,4,4,4,4,4	4,4
SMN1	NA19064	4	4,4,4,4,4,4,4	4,4	4,4,4,4,4,4,4	4,4
SMN1	NA19065	4	3,3,3,3,3,3,3	3,3	3,3,3,3,3,3,3	3,3
SMN1	NA19066	4	3,3,3,3,3,3,3	3,3	3,3,3,3,3,3,3	3,3
SMN1	NA19067	4	5,5,5,5,5,5,5	5,5	5,5,5,5,5,5,5	5,5
SMN1	NA19068	4	4,4,4,4,4,4,4	4,4	4,4,4,4,4,4,4	4,4
SMN1	NA19070	4	3,3,3,3,3,3,3	3,3	3,3,3,3,3,3,3	3,3
SMN1	NA19072	4	4,4,4,4,4,4,4	4,4	4,4,4,4,4,4,4	4,4
SMN1	NA19074	4	3,3,3,3,3,3,3	3,3	3,3,3,3,3,3,3	3,3
SMN1	NA19075	4	4,4,4,4,4,4,4	4,4	4,4,4,4,4,4,4	4,4
SMN1	NA19076	4	4,4,4,4,4,4,4	4,4	4,4,4,4,4,4,4	4,4
SMN1	NA19077	4	3,3,3,3,3,3,3	3,3	3,3,3,3,3,3,3	3,3
SMN1	NA19078	4	3,3,3,3,3,3,3	3,3	3,3,3,3,3,3,3	3,3
SMN1	NA19079	4	4,4,4,4,4,4,4	4,4	4,4,4,4,4,4,4	4,4
SMN1	NA19080	4	4,4,4,4,4,4,4	4,4	4,4,4,4,4,4,4	4,4
SMN1	NA19081	4	3,3,3,3,3,3,3	3,3	3,3,3,3,3,3,3	3,3
SMN1	NA19082	4	3,3,3,3,3,3,3	3,3	3,3,3,3,3,3,3	3,3
SMN1	NA19083	4	4,4,4,4,4,4,4	4,4	4,4,4,4,4,4,4	4,4
SMN1	NA19085	4	4,4,4,4,4,4,4	4,4	4,4,4,4,4,4,4	4,4
SMN1	NA19086	4	4,4,4,4,4,4,4	4,4	4,4,4,4,4,4,4	4,4
SMN1	NA19087	4	4,4,4,4,4,4,4	4,4	4,4,4,4,4,4,4	4,4
SMN1	NA18939	4	4,4,4,4,4,4,4	4,4	_,_,_,_,_,_,_	_,_
SMN1	NA18940	4	4,4,4,4,4,4,4	4,4	4,4,4,4,4,4,4	4,4
SMN1	NA18941	4	4,4,4,4,4,4,4	4,4	_,4,4,4,4,4,4	4,4
SMN1	NA18942	4	4,4,4,4,4,4,4	4,4	4,4,4,4,4,4,4	4,4
SMN1	NA18943	4	4,4,4,4,4,4,4	4,4	4,4,4,4,4,4,4	4,4
SMN1	NA18944	4	3,3,3,3,3,3,3	3,3	3,3,3,3,3,3,3	3,3
SMN1	NA18945	4	4,4,4,4,4,4,4	4,4	4,4,4,4,4,4,4	4,4
SMN1	NA18946	4	4,4,4,4,4,4,4	4,4	4,4,4,4,4,4,4	4,4
SMN1	NA18947	4	3,3,3,3,3,3,3	3,3	3,3,3,3,3,3,3	3,3
SMN1	NA18948	4	5,5,5,5,5,5,5	5,5	5,5,5,5,5,5,5	5,5
SMN1	NA18949	4	4,4,4,4,4,4,4	4,4	4,4,4,4,4,4,4	4,4
SMN1	NA18950	4	4,4,4,4,4,4,4	4,4	_,_,_,_,_,_,_	_,_
SMN1	NA18951	4	3,3,3,3,3,3,3	3,3	3,3,3,3,3,3,3	3,3
SMN1	NA18952	4	3,3,3,3,3,3,3	3,3	3,3,3,3,3,3,3	3,3
SMN1	NA18953	4	3,3,3,3,3,3,3	3,3	3,3,3,3,3,3,3	3,3
SMN1	NA18954	4	4,4,4,4,4,4,4	4,4	4,4,4,4,4,4,4	4,4
SMN1	NA18955	4	4,4,4,4,4,4,4	4,4	4,4,4,4,4,4,4	4,4
SMN1	NA18956	4	3,3,3,3,3,3,3	3,3	3,3,3,3,3,3,3	3,3
SMN1	NA18957	4	3,3,3,3,3,3,3	3,3	3,3,3,3,3,3,3	3,3
SMN1	NA18959	4	4,4,4,4,4,4,4	4,4	4,4,4,4,4,4,4	4,4
SMN1	NA18960	4	4,4,4,4,4,4,4	4,4	4,4,4,4,4,4,4	4,4
SMN1	NA18961	4	4,4,4,4,4,4,4	4,4	4,4,4,4,4,4,4	4,4
SMN1	NA18962	4	3,3,3,3,3,3,3	3,3	3,3,3,3,3,3,3	3,3
SMN1	NA18963	4	3,3,3,3,3,3,3	3,3	3,3,3,3,3,3,3	3,3
SMN1	NA18964	4	3,3,3,3,3,3,3	3,3	3,3,3,3,3,3,3	3,3
SMN1	NA18966	4	4,4,4,4,4,4,4	4,4	4,4,4,4,4,4,4	4,4
SMN1	NA18967	4	3,3,3,3,3,3,3	3,3	3,3,3,3,3,3,3	3,3
SMN1	NA18968	4	4,4,4,4,4,4,4	4,4	4,4,4,4,4,4,4	4,4
SMN1	NA18969	4	4,4,4,4,4,4,4	4,4	4,4,4,4,4,4,4	4,4
SMN1	NA18970	4	4,4,4,4,4,4,4	4,4	4,4,4,4,4,4,4	4,4
SMN1	NA18971	4	3,3,3,3,3,3,3	3,3	3,3,3,3,3,3,3	3,3
SMN1	NA18972	4	4,4,4,4,4,4,4	4,4	4,4,4,4,4,4,4	4,4
SMN1	NA18973	4	4,4,4,4,4,4,4	4,4	4,4,4,4,4,4,4	4,4
SMN1	NA18974	4	4,4,4,4,4,4,4	4,4	4,4,4,4,4,4,4	4,4
SMN1	NA18975	4	4,4,4,4,4,4,4	4,4	4,4,4,4,4,4,4	4,4
SMN1	NA18976	4	3,3,3,3,3,3,3	3,3	3,3,3,3,3,3,3	3,3
SMN1	NA18978	4	4,4,4,4,4,4,4	4,4	4,4,4,4,4,4,4	4,4
SMN1	NA18979	4	3,3,3,3,3,3,3	3,3	3,3,3,3,3,3,3	3,3
SMN1	NA18981	4	3,3,3,3,3,3,3	3,3	3,3,3,3,3,3,3	3,3
SMN1	NA18984	4	3,3,3,3,3,3,3	3,3	3,3,3,3,3,3,3	3,3
SMN1	NA18985	4	4,4,4,4,4,4,4	4,4	4,4,4,4,4,4,4	4,4
SMN1	NA18987	4	3,3,3,3,3,3,3	3,3	3,3,3,3,3,3,3	3,3
SMN1	NA18988	4	3,3,3,3,3,3,3	3,3	3,3,3,3,3,3,3	3,3
SMN1	NA18989	4	3,3,3,3,3,3,3	3,3	3,3,3,3,3,3,3	3,3
SMN1	NA18990	4	3,3,3,3,3,3,3	3,3	3,3,3,3,3,3,3	3,3
SMN1	NA18991	4	2,2,2,2,2,2,2	2,2	2,2,2,2,2,2,2	2,2
SMN1	NA18992	4	3,3,3,3,3,3,3	3,3	3,3,3,3,3,3,3	3,3
SMN1	NA18993	4	3,3,3,3,3,3,3	3,3	_,3,3,3,3,3,3	3,3
SMN1	HG00583	4	3,3,3,3,3,3,3	3,3	3,3,3,3,3,3,3	3,3
SMN1	HG00584	4	3,3,3,3,3,3,3	3,3	3,3,3,3,3,3,3	3,3
SMN1	HG00589	4	4,4,4,4,4,4,4	4,4	4,4,4,4,4,4,4	4,4
SMN1	HG00590	4	4,4,4,4,4,4,4	4,4	4,4,4,4,4,4,4	4,4
SMN1	HG00592	4	4,4,4,4,4,4,4	4,4	4,4,4,4,4,4,4	4,4
SMN1	HG00593	4	3,3,3,3,3,3,3	3,3	3,3,3,3,3,3,3	3,3
SMN1	HG00596	4	4,4,4,4,4,4,4	4,4	4,4,4,4,4,4,4	4,4
SMN1	HG00607	4	4,4,4,4,4,4,4	4,4	4,4,4,4,4,4,4	4,4
SMN1	HG00608	4	3,3,3,3,3,3,3	3,3	3,3,3,3,3,3,3	3,3
SMN1	HG00610	4	4,4,4,4,4,4,4	4,4	4,4,4,4,4,4,4	4,4
SMN1	HG00611	4	3,3,3,3,3,3,3	3,3	3,3,3,3,3,3,3	3,3
SMN1	HG00613	4	4,4,4,4,4,4,4	4,4	4,4,4,4,4,4,4	4,4
SMN1	HG00614	4	4,4,4,4,4,4,4	4,4	4,4,4,4,4,4,4	4,4
SMN1	HG00619	4	3,3,3,3,3,3,3	3,3	3,3,3,3,3,3,3	3,3
SMN1	HG00620	4	3,3,3,3,3,3,3	3,3	3,3,3,3,3,3,3	3,3
SMN1	HG00625	4	4,4,4,4,4,4,4	4,4	4,4,4,4,4,4,4	4,4
SMN1	HG00626	4	5,5,5,5,5,5,5	5,5	5,5,5,5,5,5,5	5,5
SMN1	HG00628	4	3,3,3,3,3,3,3	3,3	3,3,3,3,3,3,3	3,3
SMN1	HG00629	4	4,4,4,4,4,4,4	4,4	4,4,4,4,4,4,4	4,4
SMN1	HG00634	4	4,4,4,4,4,4,4	4,4	4,4,4,4,4,4,4	4,4
SMN1	HG00635	4	3,3,3,3,3,3,3	3,3	3,3,3,3,3,3,3	3,3
SMN1	HG00650	4	4,4,4,4,4,4,4	4,4	4,4,4,4,4,4,4	4,4
SMN1	HG00651	4	4,4,4,4,4,4,4	4,4	4,4,4,4,4,4,4	4,4
SMN1	HG00653	4	4,4,4,4,4,4,4	4,4	4,4,4,4,4,4,4	4,4
SMN1	HG00654	4	4,4,4,4,4,4,4	4,4	4,4,4,4,4,4,4	4,4
SMN1	HG00656	4	4,4,4,4,4,4,4	4,4	4,4,4,4,4,4,4	4,4
SMN1	HG00657	4	4,4,4,4,4,4,4	4,4	4,4,4,4,4,4,4	4,4
SMN1	HG00662	4	3,3,3,3,3,3,3	3,3	3,3,3,3,3,3,3	3,3
SMN1	HG00663	4	4,4,4,4,4,4,4	4,4	_,4,4,4,4,4,4	4,4
SMN1	HG00671	4	3,3,3,3,3,3,3	3,3	3,3,3,3,3,3,3	3,3
SMN1	HG00672	4	3,3,3,3,3,3,3	3,3	3,3,3,3,3,3,3	3,3
SMN1	HG00683	4	3,3,3,3,3,3,3	3,3	3,3,3,3,3,3,3	3,3
SMN1	HG00684	4	4,4,4,4,4,4,4	4,4	4,4,4,4,4,4,4	4,4
SMN1	HG00689	4	4,4,4,4,4,4,4	4,4	4,4,4,4,4,4,4	4,4
SMN1	HG00690	4	4,4,4,4,4,4,4	4,4	4,4,4,4,4,4,4	4,4
SMN1	HG00692	4	4,4,4,4,4,4,4	4,4	4,4,4,4,4,4,4	4,4
SMN1	HG00693	4	5,5,5,5,5,5,5	5,5	5,5,5,5,5,5,5	5,5
SMN1	HG00698	4	4,4,4,4,4,4,4	4,4	4,4,4,4,4,4,4	4,4
SMN1	HG00699	4	4,4,4,4,4,4,4	4,4	4,4,4,4,4,4,4	4,4
SMN1	HG00701	4	4,4,4,4,4,4,4	4,4	4,4,4,4,4,4,4	4,4
SMN1	HG00702	4	4,4,4,4,4,4,4	4,4	4,4,4,4,4,4,4	4,4
SMN1	HG00704	4	4,4,4,4,4,4,4	4,4	4,4,4,4,4,4,4	4,4
SMN1	HG00705	4	3,3,3,3,3,3,3	3,3	3,3,3,3,3,3,3	3,3
SMN1	HG00707	4	3,3,3,3,3,3,3	3,3	3,3,3,3,3,3,3	3,3
SMN1	HG00708	4	4,4,4,4,4,4,4	4,4	4,4,4,4,4,4,4	4,4
SMN1	HG00403	4	4,4,4,4,4,4,4	4,4	4,4,4,4,4,4,4	4,4
SMN1	HG00404	4	3,3,3,3,3,3,3	3,3	3,3,3,3,3,3,3	3,3
SMN1	HG00406	4	4,4,4,4,4,4,4	4,4	4,4,4,4,4,4,4	4,4
SMN1	HG00407	4	4,4,4,4,4,4,4	4,4	4,4,4,4,4,4,4	4,4
SMN1	HG00418	4	3,3,3,3,3,3,3	3,3	3,3,3,3,3,3,3	3,3
SMN1	HG00421	4	4,4,4,4,4,4,4	4,4	4,4,4,4,4,4,4	4,4
SMN1	HG00422	4	4,4,4,4,4,4,4	4,4	4,4,4,4,4,4,4	4,4
SMN1	HG00427	4	4,4,4,4,4,4,4	4,4	4,4,4,4,4,4,4	4,4
SMN1	HG00428	4	4,4,4,4,4,4,4	4,4	4,4,4,4,4,4,4	4,4
SMN1	HG00436	4	3,3,3,3,3,3,3	3,3	3,3,3,3,3,3,3	3,3
SMN1	HG00437	4	3,3,3,3,3,3,3	3,3	3,3,3,3,3,3,3	3,3
SMN1	HG00442	4	4,4,4,4,4,4,4	4,4	4,4,4,4,4,4,4	4,4
SMN1	HG00443	4	3,3,3,3,3,3,3	3,3	3,3,3,3,3,3,3	3,3
SMN1	HG00445	4	4,4,4,4,4,4,4	4,4	4,4,4,4,4,4,4	4,4
SMN1	HG00446	4	3,3,3,3,3,3,3	3,3	3,3,3,3,3,3,3	3,3
SMN1	HG00448	4	2,2,2,2,2,2,2	2,2	2,2,2,2,2,2,2	2,2
SMN1	HG00449	4	2,2,2,2,2,2,2	2,2	2,2,2,2,2,2,2	2,2
SMN1	HG00451	4	4,4,4,4,4,4,4	4,4	4,4,4,4,4,4,4	4,4
SMN1	HG00458	4	3,3,3,3,3,3,3	3,3	3,3,3,3,3,3,3	3,3
SMN1	HG00463	4	4,4,4,4,4,4,4	4,4	4,4,4,4,4,4,4	4,4
SMN1	HG00464	4	4,4,4,4,4,4,4	4,4	4,4,4,4,4,4,4	4,4
SMN1	HG00472	4	4,4,4,4,4,4,4	4,4	4,4,4,4,4,4,4	4,4
SMN1	HG00476	4	3,3,3,3,3,3,3	3,3	3,3,3,3,3,3,3	3,3
SMN1	HG00478	4	3,3,3,3,3,3,3	3,3	3,3,3,3,3,3,3	3,3
SMN1	HG00479	4	4,4,4,4,4,4,4	4,4	4,4,4,4,4,4,4	4,4
SMN1	HG00500	4	4,4,4,4,4,4,4	4,4	4,4,4,4,4,4,4	4,4
SMN1	HG00501	4	4,4,4,4,4,4,4	4,4	4,4,4,4,4,4,4	4,4
SMN1	HG00512	4	3,3,3,3,3,3,3	3,3	3,3,3,3,3,3,3	3,3
SMN1	HG00513	4	4,4,4,4,4,4,4	4,4	4,4,4,4,4,4,4	4,4
SMN1	HG00524	4	4,4,4,4,4,4,4	4,4	4,4,4,4,4,4,4	4,4
SMN1	HG00530	4	4,4,4,4,4,4,4	4,4	4,4,4,4,4,4,4	4,4
SMN1	HG00531	4	4,4,4,4,4,4,4	4,4	4,4,4,4,4,4,4	4,4
SMN1	HG00533	4	4,4,4,4,4,4,4	4,4	4,4,4,4,4,4,4	4,4
SMN1	HG00534	4	4,4,4,4,4,4,4	4,4	4,4,4,4,4,4,4	4,4
SMN1	HG00536	4	4,4,4,4,4,4,4	4,4	4,4,4,4,4,4,4	4,4
SMN1	HG00542	4	4,4,4,4,4,4,4	4,4	4,4,4,4,4,4,4	4,4
SMN1	HG00543	4	4,4,4,4,4,4,4	4,4	4,4,4,4,4,4,4	4,4
SMN1	HG00559	4	4,4,4,4,4,4,4	4,4	4,4,4,4,4,4,4	4,4
SMN1	HG00560	4	4,4,4,4,4,4,4	4,4	4,4,4,4,4,4,4	4,4
SMN1	HG00565	4	3,3,3,3,3,3,3	3,3	3,3,3,3,3,3,3	3,3
SMN1	HG00580	4	4,4,4,4,4,4,4	4,4	4,4,4,4,4,4,4	4,4
SMN1	HG00581	4	4,4,4,4,4,4,4	4,4	4,4,4,4,4,4,4	4,4
SMN1	NA19017	4	3,3,3,3,3,3,3	3,3	3,3,3,3,3,3,3	3,3
SMN1	NA19019	4	7,7,7,7,7,7,7	7,7	_,7,7,7,7,_,_	_,_
SMN1	NA19020	4	3,3,3,3,3,3,3	3,3	3,3,3,3,3,3,3	3,3
SMN1	NA19023	4	4,4,4,4,4,4,4	4,4	4,4,4,4,4,4,4	4,4
SMN1	NA19024	4	4,4,4,4,4,4,4	4,4	4,4,4,4,4,4,4	4,4
SMN1	NA19025	4	4,4,4,4,4,4,4	4,4	4,4,4,4,4,4,4	4,4
SMN1	NA19026	4	5,5,5,5,5,5,5	5,5	5,5,5,5,5,5,5	5,5
SMN1	NA19027	4	4,4,4,4,4,4,4	4,4	4,4,4,4,4,4,4	4,_
SMN1	NA19028	4	4,4,4,4,4,4,4	4,4	4,4,4,4,4,4,4	4,_
SMN1	NA19030	4	3,3,3,3,3,3,3	3,3	3,3,3,3,3,3,3	3,3
SMN1	NA19031	4	4,4,4,4,4,4,4	4,4	4,4,4,4,4,4,4	4,4
SMN1	NA19035	4	4,4,4,4,4,4,4	4,4	4,4,4,4,4,4,4	4,4
SMN1	NA19036	4	4,4,4,4,4,4,4	4,4	4,4,4,4,4,4,4	4,4
SMN1	NA19037	4	4,4,4,4,4,4,4	4,4	4,4,4,4,4,4,4	4,4
SMN1	NA19038	4	6,6,6,6,6,6,6	6,6	_,6,6,6,6,6,6	6,_
SMN1	NA19041	4	4,4,4,4,4,4,4	4,4	4,4,4,4,4,4,4	4,4
SMN1	NA19043	4	4,4,4,4,4,4,4	4,4	4,4,4,4,4,4,4	4,4
SMN1	NA19044	4	4,4,4,4,4,4,4	4,4	4,4,4,4,4,4,4	4,4
SMN1	NA19307	4	4,4,4,4,4,4,4	4,4	4,4,4,4,4,4,4	4,4
SMN1	NA19310	4	5,5,5,5,5,5,5	5,5	5,5,5,5,5,5,5	5,_
SMN1	NA19311	4	4,4,4,4,4,4,4	4,4	4,4,4,4,4,4,4	4,4
SMN1	NA19312	4	4,4,4,4,4,4,4	4,4	4,4,4,4,4,4,4	4,4
SMN1	NA19313	4	3,3,3,3,3,3,3	3,3	3,3,3,3,3,3,3	3,3
SMN1	NA19314	4	5,5,5,5,5,5,5	5,5	5,5,5,5,5,5,5	5,5
SMN1	NA19315	4	3,3,3,3,3,3,3	3,3	3,3,3,3,3,3,3	3,3
SMN1	NA19316	4	4,4,4,4,4,4,4	4,4	4,4,4,4,4,4,4	4,4
SMN1	NA19317	4	4,4,4,4,4,4,4	4,4	4,4,4,4,4,4,4	4,4
SMN1	NA19319	4	3,3,3,3,3,3,3	3,3	3,3,3,3,3,3,3	3,3
SMN1	NA19321	4	4,4,4,4,4,4,4	4,4	4,4,4,4,4,4,4	4,4
SMN1	NA19323	4	4,4,4,4,4,4,4	4,4	4,4,4,4,4,4,4	4,4
SMN1	NA19324	4	4,4,4,4,4,4,4	4,4	4,4,4,4,4,4,4	_,_
SMN1	NA19327	4	4,4,4,4,4,4,4	4,4	4,4,4,4,4,4,4	4,4
SMN1	NA19328	4	4,4,4,4,4,4,4	4,4	4,4,4,4,4,4,4	4,4
SMN1	NA19332	4	4,4,4,4,4,4,4	4,4	4,4,4,4,4,4,4	4,4
SMN1	NA19334	4	4,4,4,4,4,4,4	4,4	4,4,4,4,4,4,4	4,4
SMN1	NA19338	4	4,4,4,4,4,4,4	4,4	4,4,4,4,4,4,4	4,4
SMN1	NA19346	4	5,5,5,5,5,5,5	5,5	5,5,5,5,5,5,5	5,5
SMN1	NA19347	4	3,3,3,3,3,3,3	3,3	3,3,3,3,3,3,3	3,3
SMN1	NA19350	4	4,4,4,4,4,4,4	4,4	4,4,4,4,4,4,4	4,4
SMN1	NA19351	4	3,3,3,3,3,3,3	3,3	3,3,3,3,3,3,3	3,3
SMN1	NA19355	4	4,4,4,4,4,4,4	4,4	4,4,4,4,4,4,4	4,4
SMN1	NA19359	4	4,4,4,4,4,4,4	4,4	4,4,4,4,4,4,4	4,4
SMN1	NA19360	4	4,4,4,4,4,4,4	4,4	4,4,4,4,4,4,4	4,_
SMN1	NA19372	4	3,3,3,3,3,3,3	3,3	3,3,3,3,3,3,3	3,3
SMN1	NA19374	4	4,4,4,4,4,4,4	4,4	4,4,4,4,4,4,4	4,4
SMN1	NA19375	4	3,3,3,3,3,3,3	3,3	3,3,3,3,3,3,3	3,3
SMN1	NA19376	4	4,4,4,4,4,4,4	4,4	4,4,4,4,4,4,4	4,4
SMN1	NA19377	4	4,4,4,4,4,4,4	4,4	4,4,4,4,4,4,4	4,4
SMN1	NA19378	4	5,5,5,5,5,5,5	5,5	5,5,5,5,_,5,5	5,5
SMN1	NA19379	4	4,4,4,4,4,4,4	4,4	4,4,4,4,4,4,4	4,4
SMN1	NA19380	4	4,4,4,4,4,4,4	4,4	4,4,4,4,4,4,4	4,4
SMN1	NA19381	4	3,3,3,3,3,3,3	3,3	3,3,3,3,3,3,3	3,3
SMN1	NA19383	4	4,4,4,4,4,4,4	4,4	4,4,4,4,4,4,4	4,_
SMN1	NA19384	4	4,4,4,4,4,4,4	4,4	4,4,4,4,4,4,4	4,_
SMN1	NA19385	4	4,4,4,4,4,4,4	4,4	4,4,4,4,4,4,4	4,4
SMN1	NA19390	4	4,4,4,4,4,4,4	4,4	4,4,4,4,4,4,4	4,4
SMN1	NA19391	4	4,4,4,4,4,4,4	4,4	4,4,4,4,4,4,4	4,_
SMN1	NA19393	4	4,4,4,4,4,4,4	4,4	4,4,4,4,4,4,4	4,4
SMN1	NA19394	4	3,3,3,3,3,3,3	3,3	3,3,3,3,3,3,3	3,3
SMN1	NA19395	4	6,6,6,6,6,6,6	6,6	_,_,_,_,_,_,_	_,_
SMN1	NA19397	4	4,4,4,4,4,4,4	4,4	4,4,4,4,4,4,4	4,4
SMN1	NA19398	4	3,3,3,3,3,3,3	3,3	3,3,3,3,3,3,3	3,_
SMN1	NA19399	4	4,4,4,4,4,4,4	4,4	4,4,4,4,4,4,4	4,4
SMN1	NA19401	4	4,4,4,4,4,4,4	4,4	4,4,4,4,4,4,4	4,4
SMN1	NA19403	4	2,2,2,2,2,2,2	2,2	2,2,2,2,2,2,2	2,2
SMN1	NA19404	4	4,4,4,4,4,4,4	4,4	4,4,4,4,4,4,4	4,4
SMN1	NA19428	4	4,4,4,4,4,4,4	4,4	4,4,4,4,4,4,4	4,4
SMN1	NA19429	4	5,5,5,5,5,5,5	5,5	5,5,5,5,5,5,5	5,5
SMN1	NA19430	4	4,4,4,4,4,4,4	4,4	4,4,4,4,4,4,4	4,4
SMN1	NA19431	4	5,5,5,5,5,5,5	5,5	5,5,5,5,5,5,5	5,_
SMN1	NA19434	4	4,4,4,4,4,4,4	4,4	4,4,4,4,4,4,4	4,_
SMN1	NA19435	4	2,2,2,2,2,2,2	2,2	2,2,2,2,2,2,2	2,2
SMN1	NA19436	4	4,4,4,4,4,4,4	4,4	4,4,4,4,4,4,4	4,4
SMN1	NA19437	4	4,4,4,4,4,4,4	3,3	4,4,4,4,4,4,4	4,3
SMN1	NA19438	4	4,4,4,4,4,4,4	4,4	4,4,4,4,4,4,4	4,4
SMN1	NA19439	4	2,2,2,2,2,2,2	2,2	2,2,2,2,2,2,2	2,2
SMN1	NA19440	4	4,4,4,4,4,4,4	4,4	4,4,4,4,4,4,4	4,4
SMN1	NA19443	4	4,4,4,4,4,4,4	4,4	4,4,4,4,4,4,4	4,4
SMN1	NA19445	4	4,4,4,4,4,4,4	4,4	4,4,4,4,4,4,4	4,4
SMN1	NA19446	4	4,4,4,4,4,4,4	4,4	4,4,4,4,4,4,4	4,4
SMN1	NA19448	4	3,3,3,3,3,3,3	3,3	3,3,3,3,3,3,3	3,3
SMN1	NA19449	4	4,4,4,4,4,4,4	4,4	4,4,4,4,4,4,4	4,4
SMN1	HG02461	4	4,4,4,4,4,4,4	4,4	4,4,4,4,4,4,4	4,4
SMN1	HG02465	4	4,4,4,4,4,4,4	4,4	4,4,4,4,_,4,4	4,4
SMN1	HG02567	4	4,4,4,4,4,4,4	4,4	4,4,4,4,4,4,4	4,4
SMN1	HG02571	4	4,4,4,4,4,4,4	4,4	4,4,4,4,4,4,4	4,4
SMN1	HG02582	4	4,4,4,4,4,4,4	4,4	4,4,4,4,4,4,4	4,4
SMN1	HG02586	4	4,4,4,4,4,4,4	4,4	4,4,4,4,4,4,4	4,4
SMN1	HG02594	4	3,3,3,3,3,3,3	3,3	3,3,3,3,3,3,3	3,3
SMN1	HG02611	4	4,4,4,4,4,4,4	4,4	4,4,4,4,4,4,4	4,4
SMN1	HG02620	4	4,4,4,4,4,4,4	4,4	4,4,4,4,4,4,4	4,4
SMN1	HG02624	4	4,4,4,4,4,4,4	4,4	4,4,4,4,4,4,4	4,4
SMN1	HG02634	4	4,4,4,4,4,4,4	4,4	4,4,4,4,4,4,4	4,4
SMN1	HG02643	4	4,4,4,4,4,4,4	4,4	4,4,4,4,4,4,4	4,4
SMN1	HG02666	4	4,4,4,4,4,4,4	4,4	4,4,4,4,4,4,4	4,4
SMN1	HG02676	4	4,4,4,4,4,4,4	4,4	4,4,4,4,4,4,4	4,4
SMN1	HG02702	4	4,4,4,4,4,4,4	4,4	4,4,4,4,4,4,4	4,4
SMN1	HG02716	4	4,4,4,4,4,4,4	4,4	4,4,4,4,4,4,4	4,4
SMN1	HG02757	4	4,4,4,4,4,4,4	4,4	4,4,4,4,4,4,4	4,4
SMN1	HG02762	4	2,2,2,2,2,2,2	2,2	2,2,2,2,2,2,2	2,2
SMN1	HG02769	4	4,4,4,4,4,4,4	4,4	4,4,4,4,4,4,4	4,4
SMN1	HG02798	4	3,3,3,3,3,3,3	3,3	3,3,3,3,3,3,3	3,3
SMN1	HG02805	4	4,4,4,4,4,4,4	4,4	4,4,4,4,4,4,4	4,4
SMN1	HG02810	4	4,4,4,4,4,4,4	4,4	4,4,4,4,4,4,4	4,4
SMN1	HG02814	4	5,5,5,5,5,5,5	5,5	5,5,5,5,5,5,5	5,5
SMN1	HG02819	4	4,4,4,4,4,4,4	4,4	4,4,4,4,4,4,4	4,4
SMN1	HG02836	4	5,5,5,5,5,5,5	5,5	5,5,5,5,5,5,5	5,5
SMN1	HG02837	4	3,3,3,3,3,3,3	3,3	3,3,3,3,3,3,3	3,3
SMN1	HG02839	4	4,4,4,4,4,4,4	4,4	4,4,4,4,4,4,4	4,4
SMN1	HG02840	4	3,3,3,3,3,3,3	3,3	3,3,3,3,3,3,3	3,3
SMN1	HG02851	4	4,4,4,4,4,4,4	4,4	4,4,4,4,4,4,4	4,4
SMN1	HG02854	4	3,3,3,3,3,3,3	3,3	3,3,3,3,3,3,3	3,3
SMN1	HG02860	4	4,4,4,4,4,4,4	4,4	4,4,4,4,4,4,4	4,4
SMN1	HG02869	4	4,4,4,4,4,4,4	4,4	4,4,4,4,4,4,4	4,4
SMN1	HG02878	4	3,3,3,3,3,3,3	3,3	3,3,3,3,3,3,3	3,3
SMN1	HG02882	4	4,4,4,4,4,4,4	4,4	4,4,4,4,4,4,4	4,4
SMN1	HG02885	4	4,4,4,4,4,4,4	4,4	4,4,4,4,4,4,4	4,4
SMN1	HG02888	4	4,4,4,4,4,4,4	4,4	4,4,4,4,4,4,4	4,4
SMN1	HG02891	4	3,3,3,3,3,3,3	3,3	3,3,3,3,3,3,3	3,3
SMN1	HG02896	4	4,4,4,4,4,4,4	4,4	4,4,4,4,4,4,4	4,4
SMN1	HG02982	4	4,4,4,4,4,4,4	4,4	4,4,4,4,4,4,4	4,4
SMN1	HG03024	4	4,4,4,4,4,4,4	4,4	4,4,4,4,4,4,4	4,4
SMN1	HG03027	4	4,4,4,4,4,4,4	4,4	4,4,4,4,4,4,4	4,4
SMN1	HG03033	4	3,3,3,3,3,3,3	3,3	3,3,3,3,3,3,3	3,3
SMN1	HG03039	4	4,4,4,4,4,4,4	4,4	4,4,4,4,4,4,4	4,4
SMN1	HG03046	4	3,3,3,3,3,3,3	3,3	3,3,3,3,3,3,3	3,3
SMN1	HG03049	4	4,4,4,4,4,4,4	4,4	4,4,4,4,4,4,4	4,4
SMN1	HG03241	4	4,4,4,4,4,4,4	4,4	4,4,4,4,4,4,4	4,4
SMN1	HG03247	4	4,4,4,4,4,4,4	4,4	4,4,4,4,4,4,4	4,4
SMN1	HG03250	4	4,4,4,4,4,4,4	4,4	4,4,4,4,4,4,4	4,4
SMN1	HG03258	4	3,3,3,3,3,3,3	3,3	3,3,3,3,3,3,3	3,3
SMN1	HG03538	4	4,4,4,4,4,4,4	4,4	4,4,4,4,4,4,4	4,4
SMN1	HG03428	4	4,4,4,4,4,4,4	4,4	4,4,4,4,4,4,4	4,4
SMN1	HG03431	4	3,3,3,3,3,3,3	3,3	3,3,3,3,3,3,3	3,3
SMN1	HG03432	4	5,5,5,5,5,5,5	5,5	5,5,5,5,5,5,5	5,5
SMN1	HG03433	4	5,5,5,5,5,5,5	5,5	5,5,5,5,5,5,5	5,5
SMN1	HG03436	4	3,3,3,3,3,3,3	3,3	3,3,3,3,3,3,3	3,3
SMN1	HG03437	4	4,4,4,4,4,4,4	4,4	4,4,4,4,4,4,4	4,4
SMN1	HG03439	4	4,4,4,4,4,4,4	4,4	4,4,4,4,4,4,4	4,4
SMN1	HG03442	4	4,4,4,4,4,4,4	4,4	4,4,4,4,4,4,4	4,4
SMN1	HG03445	4	4,4,4,4,4,4,4	4,4	4,4,4,4,4,4,4	4,4
SMN1	HG03446	4	3,3,3,3,3,3,3	3,3	3,3,3,3,3,3,3	3,3
SMN1	HG03449	4	3,3,3,3,3,3,3	3,3	3,3,3,3,3,3,3	3,3
SMN1	HG03451	4	4,4,4,4,4,4,4	4,4	4,4,4,4,4,4,4	4,4
SMN1	HG03452	4	4,4,4,4,4,4,4	4,4	4,4,4,4,4,4,4	4,4
SMN1	HG03454	4	5,5,5,5,5,5,5	5,5	5,5,5,5,5,5,5	5,5
SMN1	HG03455	4	3,3,3,3,3,3,3	3,3	3,3,3,3,3,3,3	3,3
SMN1	HG03457	4	4,4,4,4,4,4,4	4,4	4,4,4,4,4,4,4	4,4
SMN1	HG03458	4	4,4,4,4,4,4,4	4,4	4,4,4,4,4,4,4	4,4
SMN1	HG03460	4	4,4,4,4,4,4,4	4,4	4,4,4,4,4,4,4	4,4
SMN1	HG03461	4	4,4,4,4,4,4,4	4,4	4,4,4,4,4,4,4	4,4
SMN1	HG03462	4	3,3,3,3,3,3,3	3,3	3,3,3,3,3,3,3	3,3
SMN1	HG03464	4	4,4,4,4,4,4,4	4,4	4,4,4,4,4,4,4	4,4
SMN1	HG03469	4	4,4,4,4,4,4,4	4,4	4,4,4,4,4,4,4	4,4
SMN1	HG03470	4	4,4,4,4,4,4,4	4,4	4,4,4,4,4,4,4	4,4
SMN1	HG03472	4	3,3,3,3,3,3,3	3,3	3,3,3,3,3,3,3	3,3
SMN1	HG03473	4	5,5,5,5,5,5,5	5,5	5,5,5,5,5,5,5	5,5
SMN1	HG03476	4	4,4,4,4,4,4,4	4,4	4,4,4,4,4,4,4	4,4
SMN1	HG03478	4	3,3,3,3,3,3,3	3,3	3,3,3,3,3,3,3	3,3
SMN1	HG03479	4	4,4,4,4,4,4,4	4,4	4,4,4,4,4,4,4	4,4
SMN1	HG03484	4	4,4,4,4,4,4,4	4,4	4,4,4,4,4,4,4	4,4
SMN1	HG03485	4	4,4,4,4,4,4,4	4,4	4,4,4,4,4,4,4	4,4
SMN1	HG03547	4	4,4,4,4,4,4,4	4,4	4,4,4,4,4,_,_	_,_
SMN1	HG03548	4	3,3,3,3,3,3,3	3,3	3,3,3,3,3,3,3	3,3
SMN1	HG03549	4	3,3,3,3,3,3,3	3,3	3,3,3,3,3,3,3	3,3
SMN1	HG03556	4	4,4,4,4,4,4,4	4,4	4,4,4,4,4,4,4	4,4
SMN1	HG03557	4	3,3,3,3,3,3,3	3,3	3,3,3,3,3,3,3	3,3
SMN1	HG03558	4	4,4,4,4,4,4,4	4,4	4,4,4,4,4,4,4	4,4
SMN1	HG03559	4	4,4,4,4,4,4,4	4,4	4,4,4,4,4,4,4	4,4
SMN1	HG03563	4	4,4,4,4,4,4,4	4,4	4,4,4,4,_,4,4	4,4
SMN1	HG03565	4	4,4,4,4,4,4,4	4,4	4,4,4,4,4,4,4	4,4
SMN1	HG03566	4	4,4,4,4,4,4,4	4,4	4,4,4,4,4,4,4	4,4
SMN1	HG03567	4	3,3,3,3,3,3,3	3,3	3,3,3,3,3,3,3	3,3
SMN1	HG03569	4	3,3,3,3,3,3,3	3,3	3,3,3,3,3,3,3	3,3
SMN1	HG03571	4	4,4,4,4,4,4,4	4,4	4,4,4,4,4,4,4	4,4
SMN1	HG03572	4	4,4,4,4,4,4,4	4,4	4,4,4,4,4,4,4	4,4
SMN1	HG03574	4	3,3,3,3,3,3,3	3,3	3,3,3,3,3,3,3	3,3
SMN1	HG03575	4	4,4,4,4,4,4,4	4,4	4,4,4,4,4,4,4	4,4
SMN1	HG03577	4	3,3,3,3,3,3,3	3,3	3,3,3,3,_,3,3	3,3
SMN1	HG03578	4	4,4,4,4,4,4,4	4,4	4,4,4,4,4,4,4	4,4
SMN1	HG03582	4	3,3,3,3,3,3,3	3,3	3,3,3,3,3,3,3	3,3
SMN1	HG03583	4	2,2,2,2,2,2,2	2,2	2,2,2,2,2,2,2	2,2
SMN1	HG01113	4	4,4,4,4,4,4,4	4,4	4,4,4,4,4,4,4	4,4
SMN1	HG01124	4	4,4,4,4,4,4,4	4,4	4,4,4,4,4,4,4	4,4
SMN1	HG01125	4	4,4,4,4,4,4,4	4,4	4,4,4,4,4,4,4	4,4
SMN1	HG01133	4	4,4,4,4,4,4,4	3,3	4,4,4,4,4,4,_	_,_
SMN1	HG01134	4	3,3,3,3,3,3,3	3,3	3,3,3,3,3,3,3	3,3
SMN1	HG01136	4	4,4,4,4,4,4,4	4,4	_,_,_,_,_,_,_	_,_
SMN1	HG01137	4	5,5,5,5,5,5,5	4,4	5,5,5,5,5,5,5	5,_
SMN1	HG01139	4	4,4,4,4,4,4,4	4,4	4,4,4,4,4,4,4	4,4
SMN1	HG01140	4	4,4,4,4,4,4,4	4,4	_,_,_,_,_,_,_	_,_
SMN1	HG01148	4	4,4,4,4,4,4,4	4,4	4,4,4,4,4,4,4	4,4
SMN1	HG01149	4	4,4,4,4,4,4,4	4,4	4,4,4,4,4,4,4	4,4
SMN1	HG01250	4	2,2,2,2,2,2,2	2,2	2,2,2,2,2,2,2	2,2
SMN1	HG01251	4	3,3,3,3,3,3,3	3,3	3,3,3,3,3,3,3	3,3
SMN1	HG01253	4	3,3,3,3,3,3,3	3,3	3,3,3,3,3,3,3	3,3
SMN1	HG01254	4	4,4,4,4,4,4,4	4,4	4,4,4,4,4,4,4	4,4
SMN1	HG01256	4	4,4,4,4,4,4,4	4,4	4,4,4,4,4,4,4	4,4
SMN1	HG01257	4	4,4,4,4,4,4,4	4,4	4,4,4,4,4,4,4	4,4
SMN1	HG01259	4	4,4,4,4,4,4,4	4,4	4,4,4,4,4,4,4	4,4
SMN1	HG01260	4	5,5,5,5,5,5,5	5,5	5,5,5,5,5,5,5	_,_
SMN1	HG01271	4	4,4,4,4,4,4,4	4,4	4,4,4,4,4,4,4	4,4
SMN1	HG01272	4	4,4,4,4,4,4,4	4,4	4,4,4,4,4,4,4	4,4
SMN1	HG01274	4	4,4,4,4,4,4,4	3,3	4,4,4,4,4,4,4	4,4
SMN1	HG01275	4	4,4,4,4,4,4,4	4,4	4,4,4,4,4,4,4	4,4
SMN1	HG01277	4	4,4,4,4,4,4,4	4,4	4,4,4,4,4,4,4	4,4
SMN1	HG01278	4	3,3,3,3,3,3,3	3,3	3,3,3,3,3,3,3	3,3
SMN1	HG01342	4	3,3,3,3,3,3,3	3,3	3,3,3,3,3,3,3	3,3
SMN1	HG01344	4	2,2,2,2,2,2,2	2,2	2,2,2,2,2,2,2	2,2
SMN1	HG01347	4	4,4,4,4,4,4,4	4,4	4,4,4,4,4,4,4	4,4
SMN1	HG01348	4	4,4,4,4,4,4,4	4,4	4,4,4,4,4,4,4	4,4
SMN1	HG01350	4	4,4,4,4,4,4,4	4,4	4,4,4,4,4,4,4	4,4
SMN1	HG01351	4	4,4,4,4,4,4,4	4,4	4,4,4,4,4,4,4	_,_
SMN1	HG01353	4	3,3,3,3,3,3,3	2,2	3,3,3,3,3,3,3	2,2
SMN1	HG01354	4	4,4,4,4,4,4,4	4,4	4,4,4,4,4,4,4	4,4
SMN1	HG01356	4	4,4,4,4,4,4,4	4,4	_,_,_,_,_,_,_	_,_
SMN1	HG01357	4	3,3,3,3,3,3,3	3,3	3,3,3,3,3,3,3	3,3
SMN1	HG01359	4	3,3,3,3,3,3,3	3,3	3,3,3,3,3,3,3	3,3
SMN1	HG01360	4	4,4,4,4,4,4,4	4,4	4,4,4,4,4,4,4	4,4
SMN1	HG01365	4	4,4,4,4,4,4,4	3,3	4,4,4,4,4,4,4	3,3
SMN1	HG01366	4	3,3,3,3,3,3,3	3,3	3,3,3,3,3,3,3	3,3
SMN1	HG01374	4	4,4,4,4,4,4,4	4,4	4,4,4,4,4,4,4	4,4
SMN1	HG01375	4	4,4,4,4,4,4,4	4,4	4,4,4,4,4,4,4	4,4
SMN1	HG01377	4	4,4,4,4,4,4,4	3,3	4,4,4,4,4,4,4	_,_
SMN1	HG01378	4	4,4,4,4,4,4,4	4,4	4,4,4,4,4,4,4	4,4
SMN1	HG01383	4	2,2,2,2,2,2,2	2,2	2,2,2,2,2,2,2	2,2
SMN1	HG01384	4	4,4,4,4,4,4,4	4,4	4,4,4,4,4,4,4	4,4
SMN1	HG01390	4	4,4,4,4,4,4,4	3,3	4,4,4,4,4,4,4	3,3
SMN1	HG01389	4	4,4,4,4,4,4,4	4,4	4,4,4,4,4,4,4	4,4
SMN1	HG02974	4	4,4,4,4,4,4,4	4,4	4,4,4,4,4,4,4	4,4
SMN1	HG02976	4	4,4,4,4,4,4,4	4,4	4,4,4,4,4,4,4	4,4
SMN1	HG02977	4	4,4,4,4,4,4,4	4,4	4,4,4,4,4,4,4	4,4
SMN1	HG02979	4	4,4,4,4,4,4,4	4,4	4,4,4,4,4,4,4	4,4
SMN1	HG02981	4	2,2,2,2,2,2,2	2,2	2,2,2,2,2,2,2	2,2
SMN1	HG03099	4	4,4,4,4,4,4,4	4,4	4,4,4,4,4,4,4	4,4
SMN1	HG03100	4	4,4,4,4,4,4,4	4,4	4,4,4,4,4,4,4	4,4
SMN1	HG03103	4	4,4,4,4,4,4,4	4,4	4,4,4,4,4,4,4	4,4
SMN1	HG03105	4	3,3,3,3,3,3,3	3,3	3,3,3,3,3,3,3	3,3
SMN1	HG03108	4	3,3,3,3,3,3,3	3,3	3,3,3,3,3,3,3	3,3
SMN1	HG03109	4	4,4,4,4,4,4,4	4,4	4,4,4,4,4,4,4	4,4
SMN1	HG03111	4	4,4,4,4,4,4,4	4,4	4,4,4,4,4,4,4	4,4
SMN1	HG03112	4	3,3,3,3,3,3,3	3,3	3,3,3,3,3,3,3	3,3
SMN1	HG03114	4	4,4,4,4,4,4,4	4,4	4,4,4,4,4,4,4	4,4
SMN1	HG03115	4	3,3,3,3,3,3,3	3,3	3,3,3,3,3,3,3	3,3
SMN1	HG03117	4	3,3,3,3,3,3,3	3,3	3,3,3,3,3,3,3	3,3
SMN1	HG03118	4	4,4,4,4,4,4,4	4,4	4,4,4,4,_,4,4	4,4
SMN1	HG03120	4	4,4,4,4,4,4,4	4,4	4,4,4,4,4,4,4	4,4
SMN1	HG03121	4	4,4,4,4,4,4,4	4,4	4,4,4,4,4,4,4	4,4
SMN1	HG03124	4	5,5,5,5,5,5,5	5,5	5,5,5,5,5,5,5	5,5
SMN1	HG03126	4	4,4,4,4,4,4,4	4,4	4,4,4,4,4,4,4	4,4
SMN1	HG03130	4	4,4,4,4,4,4,4	4,4	4,4,4,4,4,4,4	4,4
SMN1	HG03132	4	3,3,3,3,3,3,3	3,3	3,3,3,3,3,3,3	3,3
SMN1	HG03133	4	4,4,4,4,4,4,4	4,4	4,4,4,4,4,4,4	4,4
SMN1	HG03135	4	4,4,4,4,4,4,4	4,4	4,4,4,4,4,4,4	4,4
SMN1	HG03136	4	4,4,4,4,4,4,4	4,4	4,4,4,4,4,4,4	4,4
SMN1	HG03139	4	3,3,3,3,3,3,3	3,3	3,3,3,3,3,3,3	3,3
SMN1	HG03157	4	3,3,3,3,3,3,3	3,3	3,3,3,3,3,3,3	3,3
SMN1	HG03159	4	4,4,4,4,4,4,4	4,4	4,4,4,4,4,4,4	4,4
SMN1	HG03160	4	4,4,4,4,4,4,4	4,4	4,4,4,4,_,_,_	_,_
SMN1	HG03162	4	4,4,4,4,4,4,4	4,4	4,4,4,4,4,4,4	4,4
SMN1	HG03163	4	2,2,2,2,2,2,2	2,2	2,2,2,2,2,2,2	2,2
SMN1	HG03166	4	4,4,4,4,4,4,4	4,4	4,4,4,4,4,4,4	4,4
SMN1	HG03168	4	4,4,4,4,4,4,4	4,4	4,4,4,4,4,4,4	4,4
SMN1	HG03169	4	4,4,4,4,4,4,4	4,4	4,4,4,4,4,4,4	4,4
SMN1	HG03171	4	4,4,4,4,4,4,4	4,4	4,4,4,4,4,4,4	4,4
SMN1	HG03172	4	3,3,3,3,3,3,3	3,3	3,3,3,3,3,3,3	3,3
SMN1	HG03175	4	3,3,3,3,3,3,3	3,3	3,3,3,3,3,3,3	3,3
SMN1	HG03189	4	2,2,2,2,2,2,2	2,2	2,2,2,2,2,2,2	2,2
SMN1	HG03190	4	4,4,4,4,4,4,4	4,4	4,4,4,4,4,4,4	4,4
SMN1	HG03193	4	4,4,4,4,4,4,4	4,4	4,4,4,4,4,4,4	4,4
SMN1	HG03195	4	3,3,3,3,3,3,3	3,3	3,3,3,3,3,3,3	3,3
SMN1	HG03196	4	4,4,4,4,4,4,4	4,4	4,4,4,4,4,4,4	4,4
SMN1	HG03198	4	4,4,4,4,4,4,4	4,4	4,4,4,4,4,4,4	4,4
SMN1	HG03199	4	4,4,4,4,4,4,4	4,4	4,4,4,4,4,4,4	4,4
SMN1	HG03265	4	4,4,4,4,4,4,4	4,4	4,4,4,4,4,4,4	4,4
SMN1	NA19141	4	3,3,3,3,3,3,3	3,3	3,3,3,3,3,3,3	3,3
SMN1	NA19143	4	2,2,2,2,2,2,2	2,2	2,2,2,2,2,2,2	2,2
SMN1	NA19144	4	4,4,4,4,4,4,4	4,4	4,4,4,4,4,4,4	4,4
SMN1	NA19146	4	3,3,3,3,3,3,3	3,3	3,3,3,3,3,3,3	3,3
SMN1	NA19149	4	3,3,3,3,3,3,3	3,3	3,3,3,3,3,3,3	3,3
SMN1	NA19150	4	4,4,4,4,4,4,4	4,4	4,4,4,4,4,4,4	4,4
SMN1	NA19152	4	4,4,4,4,4,4,4	4,4	4,4,4,4,4,4,4	4,4
SMN1	NA19119	4	4,4,4,4,4,4,4	4,4	4,4,4,4,4,4,4	4,4
SMN1	NA19121	4	4,4,4,4,4,4,4	4,4	4,4,4,4,4,4,4	4,4
SMN1	NA19129	4	5,5,5,5,5,5,5	5,5	5,5,5,5,5,5,5	5,5
SMN1	NA19130	4	3,3,3,3,3,3,3	3,3	3,3,3,3,2,3,3	3,3
SMN1	NA19131	4	3,3,3,3,3,3,3	3,3	3,3,3,3,3,3,3	3,3
SMN1	NA19137	4	3,3,3,3,3,3,3	3,3	3,3,3,3,3,3,3	3,3
SMN1	NA19138	4	3,3,3,3,3,3,3	3,3	3,3,3,3,3,3,3	3,3
SMN1	NA19147	4	3,3,3,3,3,3,3	3,3	3,3,3,3,3,3,3	3,3
SMN1	NA19153	4	4,4,4,4,4,4,4	4,4	4,4,4,4,4,4,4	4,4
SMN1	NA19159	4	4,4,4,4,4,4,4	4,4	4,4,4,4,4,4,4	4,4
SMN1	NA19160	4	3,3,3,3,3,3,3	3,3	3,3,3,3,3,3,3	3,3
SMN1	NA19171	4	3,3,3,3,3,3,3	3,3	3,3,3,3,3,3,3	3,3
SMN1	NA19172	4	4,4,4,4,4,4,4	4,4	4,4,4,4,4,4,4	4,4
SMN1	NA19175	4	3,3,3,3,3,3,3	3,3	3,3,3,3,3,3,3	3,3
SMN1	NA19184	4	4,4,4,4,4,4,4	4,4	4,4,4,4,4,4,4	4,_
SMN1	NA19185	4	4,4,4,4,4,4,4	4,4	4,4,4,4,4,4,4	4,4
SMN1	NA19189	4	3,3,3,3,3,3,3	3,3	3,3,3,3,3,3,3	3,3
SMN1	NA19190	4	4,4,4,4,4,4,4	4,4	4,4,4,4,4,4,4	4,4
SMN1	NA19197	4	4,4,4,4,4,4,4	4,4	4,4,4,4,4,4,4	4,4
SMN1	NA19198	4	3,3,3,3,3,3,3	3,3	3,3,3,3,3,3,3	3,3
SMN1	NA19200	4	4,4,4,4,4,4,4	4,4	4,4,4,4,4,4,4	4,4
SMN1	NA19201	4	4,4,4,4,4,4,4	4,4	4,4,4,4,4,4,4	4,4
SMN1	NA19204	4	2,2,2,2,2,2,2	2,2	2,2,2,2,2,2,2	2,2
SMN1	NA19206	4	4,4,4,4,4,4,4	4,4	4,4,4,4,4,4,4	4,4
SMN1	NA19207	4	3,3,3,3,3,3,3	3,3	3,3,3,3,3,3,3	3,3
SMN1	NA19209	4	4,4,4,4,4,4,4	4,4	4,4,4,4,4,4,4	4,4
SMN1	NA19210	4	3,3,3,3,3,3,3	3,3	3,3,3,3,3,3,3	3,3
SMN1	NA19213	4	3,3,3,3,3,3,3	3,3	3,3,3,3,3,3,3	3,3
SMN1	NA19214	4	3,3,3,3,3,3,3	3,3	3,3,3,3,3,3,3	3,3
SMN1	NA19222	4	4,4,4,4,4,4,4	4,4	4,4,4,4,4,4,4	4,4
SMN1	NA19223	4	3,3,3,3,3,3,3	3,3	3,3,3,3,3,3,3	3,3
SMN1	NA19225	4	4,4,4,4,4,4,4	4,4	4,4,4,4,4,4,4	4,4
SMN1	NA19235	4	4,4,4,4,4,4,4	4,4	4,4,4,4,4,4,4	4,4
SMN1	NA19236	4	4,4,4,4,4,4,4	4,4	4,4,4,4,_,4,4	4,4
SMN1	NA19239	4	4,4,4,4,4,4,4	4,4	4,4,4,4,4,4,4	4,4
SMN1	HG01566	4	4,4,4,4,4,4,4	4,4	4,4,4,4,4,4,4	4,4
SMN1	HG01572	4	4,4,4,4,4,4,4	4,4	4,4,4,4,4,4,4	4,4
SMN1	HG01577	4	4,4,4,4,4,4,4	4,4	4,4,4,4,4,4,4	4,4
SMN1	HG01578	4	3,3,3,3,3,3,3	3,3	3,3,3,3,3,3,3	3,3
SMN1	HG01892	4	2,2,2,2,2,2,2	2,2	2,2,2,2,2,2,2	2,2
SMN1	HG01917	4	4,4,4,4,4,4,4	4,4	4,4,4,4,4,4,4	4,4
SMN1	HG01918	4	4,4,4,4,4,4,4	4,4	4,4,4,4,4,4,4	4,4
SMN1	HG01920	4	3,3,3,3,3,3,3	3,3	3,3,3,3,3,3,3	3,3
SMN1	HG01921	4	4,4,4,4,4,4,4	4,4	4,4,4,4,4,4,4	4,4
SMN1	HG01923	4	4,4,4,4,4,4,4	4,4	4,4,4,4,4,4,4	_,_
SMN1	HG01924	4	3,3,3,3,3,3,3	3,3	3,3,3,3,3,3,3	3,3
SMN1	HG01926	4	4,4,4,4,4,4,4	4,4	4,4,4,4,4,4,4	4,4
SMN1	HG01927	4	3,3,3,3,3,3,3	3,3	3,3,3,3,3,3,3	3,3
SMN1	HG01932	4	3,3,3,3,3,3,3	3,3	3,3,3,3,3,3,3	3,3
SMN1	HG01933	4	3,3,3,3,3,3,3	2,2	3,3,3,3,3,3,3	2,2
SMN1	HG01935	4	4,4,4,4,4,4,4	4,4	4,4,4,4,4,4,4	4,4
SMN1	HG01936	4	4,4,4,4,4,4,4	3,3	4,4,4,4,4,4,4	3,3
SMN1	HG01938	4	3,3,3,3,3,3,3	3,3	3,3,3,3,3,3,3	3,3
SMN1	HG01939	4	3,3,3,3,3,3,3	3,3	3,3,3,3,3,3,3	3,3
SMN1	HG01941	4	2,2,2,2,2,2,2	2,2	2,2,2,2,2,2,2	2,2
SMN1	HG01942	4	4,4,4,4,4,4,4	4,4	4,4,4,4,4,4,4	4,4
SMN1	HG01944	4	3,3,3,3,3,3,3	3,3	3,3,3,3,3,3,3	3,3
SMN1	HG01945	4	4,4,4,4,4,4,4	4,4	4,4,4,4,4,4,4	4,4
SMN1	HG01948	4	3,3,3,3,3,3,3	3,3	3,3,3,3,3,3,3	3,3
SMN1	HG01950	4	4,4,4,4,4,4,4	4,4	4,4,4,4,4,4,4	4,4
SMN1	HG01951	4	3,3,3,3,3,3,3	3,3	3,3,3,3,3,3,3	3,3
SMN1	HG01967	4	4,4,4,4,4,4,4	3,3	_,_,_,5,5,5,5	3,3
SMN1	HG01968	4	4,4,4,4,4,4,4	4,4	5,5,5,5,5,5,5	_,_
SMN1	HG01973	4	3,3,3,3,3,3,3	3,3	4,4,4,4,4,4,4	4,4
SMN1	HG01974	4	4,4,4,4,4,4,4	4,4	5,5,5,5,5,5,5	5,5
SMN1	HG01976	4	4,4,4,4,4,4,4	4,4	5,5,5,5,5,5,5	5,5
SMN1	HG01977	4	4,4,4,4,4,4,4	4,4	5,5,5,5,5,5,5	5,5
SMN1	HG01979	4	4,4,4,4,4,4,4	4,4	4,4,4,4,4,4,4	4,4
SMN1	HG01980	4	4,4,4,4,4,4,4	4,4	4,4,4,4,4,4,4	4,4
SMN1	HG01982	4	3,3,3,3,3,3,3	3,3	3,3,3,3,3,3,3	3,3
SMN1	HG01983	4	2,2,2,2,2,2,2	2,2	2,2,2,2,2,2,2	2,2
SMN1	HG01991	4	4,4,4,4,4,4,4	4,4	4,4,4,4,4,4,4	4,4
SMN1	HG01992	4	4,4,4,4,4,4,4	4,4	4,4,4,4,4,4,4	4,4
SMN1	HG02003	4	4,4,4,4,4,4,4	4,4	4,4,4,4,4,4,4	4,4
SMN1	HG02008	4	4,4,4,4,4,4,4	4,4	4,4,4,4,4,4,4	4,4
SMN1	HG02089	4	5,5,5,5,5,5,5	5,5	5,5,5,5,5,5,5	5,5
SMN1	HG02090	4	3,3,3,3,3,3,3	2,2	3,3,3,3,3,3,_	_,_
SMN1	HG02104	4	3,3,3,3,3,3,3	3,3	3,3,3,3,3,3,3	3,3
SMN1	HG02146	4	4,4,4,4,4,4,4	4,4	4,4,4,4,4,4,4	4,4
SMN1	HG02147	4	4,4,4,4,4,4,4	4,4	4,4,4,4,4,4,4	4,4
SMN1	HG02259	4	2,2,2,2,2,2,2	2,2	2,2,2,2,2,2,2	2,2
SMN1	HG02260	4	3,3,3,3,3,3,3	3,3	3,3,3,3,3,3,3	3,3
SMN1	HG02271	4	3,3,3,3,3,3,3	3,3	3,3,3,3,3,3,3	3,3
SMN1	HG02272	4	4,4,4,4,4,4,4	4,4	4,4,4,4,4,4,4	4,4
SMN1	HG02277	4	4,4,4,4,4,4,4	4,4	4,4,4,4,4,4,4	4,4
SMN1	HG03006	4	3,3,3,3,3,3,3	3,3	3,3,3,3,3,3,3	3,3
SMN1	HG03007	4	4,4,4,4,4,4,4	4,4	4,4,4,4,4,4,4	4,4
SMN1	HG03009	4	4,4,4,4,4,4,4	4,4	4,4,4,4,4,4,4	4,4
SMN1	HG03012	4	4,4,4,4,4,4,4	4,4	4,4,4,4,4,4,4	4,4
SMN1	HG03585	4	3,3,3,3,3,3,3	3,3	3,3,3,3,3,3,3	3,3
SMN1	HG03589	4	4,4,4,4,4,4,4	4,4	4,4,4,4,4,4,4	4,4
SMN1	HG03593	4	3,3,3,3,3,3,3	3,3	3,3,3,3,3,3,3	3,3
SMN1	HG03594	4	4,4,4,4,4,4,4	4,4	4,4,4,4,4,4,4	4,4
SMN1	HG03595	4	4,4,4,4,4,4,4	4,4	4,4,4,4,4,4,4	4,4
SMN1	HG03598	4	4,4,4,4,4,4,4	4,4	4,4,4,4,4,4,4	4,4
SMN1	HG03600	4	3,3,3,3,3,3,3	3,3	3,3,3,3,3,3,3	3,3
SMN1	HG03603	4	5,5,5,5,5,5,5	5,5	5,5,5,5,5,5,5	5,5
SMN1	HG03604	4	4,4,4,4,4,4,4	4,4	4,4,4,4,4,4,4	4,4
SMN1	HG03607	4	3,3,3,3,3,3,3	3,3	3,3,3,3,3,3,3	3,3
SMN1	HG03611	4	4,4,4,4,4,4,4	4,4	4,4,4,4,4,4,4	4,4
SMN1	HG03615	4	4,4,4,4,4,4,4	4,4	4,4,4,4,4,4,4	4,4
SMN1	HG03616	4	5,5,5,5,5,5,5	5,5	5,5,5,5,5,5,5	_,_
SMN1	HG03793	4	4,4,4,4,4,4,4	4,4	4,4,4,4,4,4,4	4,4
SMN1	HG03794	4	4,4,4,4,4,4,4	4,4	4,4,4,4,4,4,4	4,4
SMN1	HG03796	4	4,4,4,4,4,4,4	4,4	4,4,4,4,4,4,4	4,4
SMN1	HG03797	4	4,4,4,4,4,4,4	4,4	4,4,4,4,4,4,4	4,4
SMN1	HG03799	4	4,4,4,4,4,4,4	4,4	4,4,4,4,4,4,4	4,4
SMN1	HG03800	4	4,4,4,4,4,4,4	4,4	4,4,4,4,4,4,4	4,4
SMN1	HG03802	4	4,4,4,4,4,4,4	4,4	4,4,4,4,4,4,4	4,4
SMN1	HG03803	4	4,4,4,4,4,4,4	4,4	4,4,4,4,4,4,4	4,4
SMN1	HG03805	4	4,4,4,4,4,4,4	4,4	4,4,4,4,4,4,4	4,4
SMN1	HG03806	4	2,2,2,2,2,2,2	2,2	2,2,2,2,2,2,2	2,2
SMN1	HG03808	4	3,3,3,3,3,3,3	3,3	3,3,3,3,3,3,3	3,3
SMN1	HG03809	4	4,4,4,4,4,4,4	4,4	4,4,4,4,4,4,4	4,4
SMN1	HG03811	4	4,4,4,4,4,4,4	4,4	4,4,4,4,4,4,4	4,4
SMN1	HG03812	4	4,4,4,4,4,4,4	4,4	4,4,4,4,4,4,4	4,4
SMN1	HG03814	4	3,3,3,3,3,3,3	3,3	3,3,3,3,3,3,3	3,3
SMN1	HG03815	4	3,3,3,3,3,3,3	3,3	3,3,3,3,3,3,3	3,3
SMN1	HG03817	4	3,3,3,3,3,3,3	3,3	3,3,3,3,3,3,3	3,3
SMN1	HG03821	4	3,3,3,3,3,3,3	3,3	3,3,3,3,3,3,3	3,3
SMN1	HG03823	4	4,4,4,4,4,4,4	4,4	4,4,4,4,4,4,4	4,4
SMN1	HG03824	4	3,3,3,3,3,3,3	3,3	3,3,3,3,3,3,3	3,3
SMN1	HG03826	4	4,4,4,4,4,4,4	4,4	4,4,4,4,4,4,4	4,4
SMN1	HG03829	4	3,3,3,3,3,3,3	3,3	3,3,3,3,3,3,3	3,3
SMN1	HG03830	4	4,4,4,4,4,4,4	4,4	4,4,4,4,4,4,4	4,4
SMN1	HG03832	4	4,4,4,4,4,4,4	4,4	4,4,4,4,4,4,4	4,4
SMN1	HG03833	4	4,4,4,4,4,4,4	4,4	4,4,4,4,4,4,4	4,4
SMN1	HG03901	4	4,4,4,4,4,4,4	4,4	4,4,4,4,4,4,4	4,4
SMN1	HG03902	4	3,3,3,3,3,3,3	3,3	3,3,3,3,3,3,3	3,3
SMN1	HG03904	4	4,4,4,4,4,4,4	4,4	4,4,4,4,4,4,4	4,4
SMN1	HG03905	4	4,4,4,4,4,4,4	4,4	4,4,4,4,4,4,4	4,4
SMN1	HG03907	4	4,4,4,4,4,4,4	4,4	4,4,4,4,4,4,4	4,4
SMN1	HG03908	4	3,3,3,3,3,3,3	3,3	3,3,3,3,3,3,3	3,3
SMN1	HG03910	4	4,4,4,4,4,4,4	4,4	4,4,4,4,4,4,4	4,4
SMN1	HG03911	4	3,3,3,3,3,3,3	3,3	3,3,3,3,3,3,3	3,3
SMN1	HG03913	4	3,3,3,3,3,3,3	3,3	3,3,3,3,3,3,3	3,3
SMN1	HG03914	4	3,3,3,3,3,3,3	3,3	3,3,3,3,3,3,3	3,3
SMN1	HG03916	4	4,4,4,4,4,4,4	4,4	4,4,4,4,4,4,4	4,4
SMN1	HG03917	4	4,4,4,4,4,4,4	4,4	4,4,4,4,4,4,4	4,4
SMN1	HG03919	4	4,4,4,4,4,4,4	4,4	4,4,4,4,4,4,4	_,_
SMN1	HG03920	4	4,4,4,4,4,4,4	4,4	4,4,4,4,4,4,4	4,4
SMN1	HG03922	4	5,5,5,5,5,5,5	5,5	5,5,5,5,5,5,5	5,5
SMN1	HG03925	4	4,4,4,4,4,4,4	4,4	4,4,4,4,4,4,4	4,4
SMN1	HG03926	4	3,3,3,3,3,3,3	3,3	3,3,3,3,3,3,3	3,3
SMN1	HG03928	4	3,3,3,3,3,3,3	3,3	3,3,3,3,3,3,3	3,3
SMN1	HG03929	4	4,4,4,4,4,4,4	4,4	4,4,4,4,4,4,4	4,4
SMN1	HG03931	4	4,4,4,4,4,4,4	4,4	4,4,4,4,4,4,4	_,_
SMN1	HG03934	4	4,4,4,4,4,4,4	4,4	4,4,4,4,4,4,4	4,4
SMN1	HG03937	4	4,4,4,4,4,4,4	4,4	4,4,4,4,4,4,4	_,_
SMN1	HG03940	4	3,3,3,3,3,3,3	2,2	3,3,3,3,3,3,3	2,2
SMN1	HG03941	4	4,4,4,4,4,4,4	4,4	4,4,4,4,4,4,4	4,4
SMN1	HG04128	4	3,3,3,3,3,3,3	3,3	3,3,3,3,3,3,3	3,3
SMN1	HG04131	4	4,4,4,4,4,4,4	4,4	4,4,4,4,4,4,4	4,4
SMN1	HG04132	4	4,4,4,4,4,4,4	4,4	4,4,4,4,4,4,4	4,4
SMN1	HG04134	4	4,4,4,4,4,4,4	4,4	4,4,4,4,4,4,4	4,4
SMN1	HG04135	4	4,4,4,4,4,4,4	4,4	4,4,4,4,4,4,4	4,4
SMN1	HG04140	4	4,4,4,4,4,4,4	4,4	4,4,4,4,4,4,4	4,4
SMN1	HG04141	4	4,4,4,4,4,4,4	4,4	4,4,4,4,4,4,4	4,4
SMN1	HG04144	4	4,4,4,4,4,4,4	4,4	4,4,4,4,4,4,4	4,4
SMN1	HG04146	4	2,2,2,2,2,2,2	2,2	2,2,2,2,2,2,2	2,2
SMN1	HG04147	4	5,5,5,5,5,5,5	5,5	5,5,5,5,5,5,5	5,5
SMN1	HG04149	4	4,4,4,4,4,4,4	4,4	4,4,4,4,4,4,4	_,_
SMN1	HG04150	4	3,3,3,3,3,3,3	3,3	3,3,3,3,3,3,3	3,3
SMN1	HG04152	4	3,3,3,3,3,3,3	3,3	3,3,3,3,3,3,3	3,3
SMN1	HG04153	4	4,4,4,4,4,4,4	4,4	4,4,4,4,4,4,4	4,4
SMN1	HG04155	4	3,3,3,3,3,3,3	3,3	3,3,3,3,3,3,3	3,3
SMN1	HG04156	4	4,4,4,4,4,4,4	4,4	4,4,4,4,4,4,4	4,4
SMN1	HG04158	4	4,4,4,4,4,4,4	4,4	4,4,4,4,4,4,4	4,4
SMN1	HG04159	4	4,4,4,4,4,4,4	4,4	4,4,4,4,4,4,4	4,4
SMN1	HG04161	4	4,4,4,4,4,4,4	4,4	4,4,4,4,4,4,4	4,4
SMN1	HG04162	4	3,3,3,3,3,3,3	3,3	3,3,3,3,3,3,3	3,3
SMN1	HG04164	4	3,3,3,3,3,3,3	3,3	3,3,3,3,3,3,3	3,3
SMN1	HG04171	4	4,4,4,4,4,4,4	4,4	4,4,4,4,4,4,4	4,4
SMN1	HG04173	4	4,4,4,4,4,4,4	4,4	4,4,4,4,4,4,4	4,4
SMN1	HG04174	4	4,4,4,4,4,4,4	4,4	4,4,4,4,4,4,4	4,4
SMN1	HG04176	4	4,4,4,4,4,4,4	4,4	4,4,4,4,4,4,4	4,4
SMN1	HG04177	4	4,4,4,4,4,4,4	4,4	4,4,4,4,4,4,4	4,4
SMN1	HG04180	4	4,4,4,4,4,4,4	4,4	4,4,4,4,4,4,4	4,4
SMN1	HG04182	4	3,3,3,3,3,3,3	3,3	3,3,3,3,3,3,3	3,3
SMN1	HG04183	4	4,4,4,4,4,4,4	4,4	4,4,4,4,4,4,4	4,4
SMN1	HG04185	4	3,3,3,3,3,3,3	3,3	3,3,3,3,3,3,3	3,3
SMN1	HG04186	4	3,3,3,3,3,3,3	3,3	3,3,3,3,3,3,3	3,3
SMN1	HG04188	4	3,3,3,3,3,3,3	3,3	3,3,3,3,3,3,3	3,3
SMN1	HG04189	4	3,3,3,3,3,3,3	3,3	3,3,3,3,3,3,3	3,3
SMN1	HG04191	4	4,4,4,4,4,4,4	4,4	4,4,4,4,4,4,4	4,4
SMN1	HG04192	4	4,4,4,4,4,4,4	4,4	4,4,4,4,4,4,4	4,4
SMN1	HG04194	4	3,3,3,3,3,3,3	3,3	3,3,3,3,3,3,3	3,3
SMN1	HG04195	4	3,3,3,3,3,3,3	3,3	3,3,3,3,3,3,3	3,3
SMN1	NA20846	4	4,4,4,4,4,4,4	4,4	4,4,4,4,4,4,4	4,4
SMN1	NA20847	4	3,3,3,3,3,3,3	3,3	3,3,3,3,3,3,3	3,3
SMN1	NA20849	4	4,4,4,4,4,4,4	4,4	4,4,4,4,4,4,4	4,4
SMN1	NA20850	4	4,4,4,4,4,4,4	4,4	4,4,4,4,4,4,4	4,4
SMN1	NA20851	4	4,4,4,4,4,4,4	4,4	4,4,4,4,4,4,4	4,4
SMN1	NA20852	4	3,3,3,3,3,3,3	3,3	3,3,3,3,3,3,3	3,3
SMN1	NA20853	4	4,4,4,4,4,4,4	4,4	4,4,4,4,4,4,4	4,4
SMN1	NA20854	4	3,3,3,3,3,3,3	3,3	3,3,3,3,3,3,3	3,3
SMN1	NA20856	4	4,4,4,4,4,4,4	4,4	4,4,4,4,4,4,4	4,4
SMN1	NA20859	4	4,4,4,4,4,4,4	4,4	4,4,4,4,4,4,4	4,4
SMN1	NA20861	4	4,4,4,4,4,4,4	4,4	4,4,4,4,4,4,4	4,4
SMN1	NA20862	4	3,3,3,3,3,3,3	3,3	3,3,3,3,3,3,3	3,3
SMN1	NA20863	4	4,4,4,4,4,4,4	4,4	4,4,4,4,4,4,4	4,4
SMN1	NA20864	4	4,4,4,4,4,4,4	4,4	4,4,4,4,4,4,4	4,4
SMN1	NA20866	4	4,4,4,4,4,4,4	4,4	4,4,4,4,4,4,4	4,4
SMN1	NA20867	4	4,4,4,4,4,4,4	4,4	4,4,4,4,4,4,4	4,4
SMN1	NA20868	4	4,4,4,4,4,4,4	3,3	4,4,4,4,4,4,_	_,_
SMN1	NA20869	4	4,4,4,4,4,4,4	4,4	4,4,4,4,4,4,4	4,4
SMN1	NA20870	4	3,3,3,3,3,3,3	3,3	3,3,3,3,3,3,3	3,3
SMN1	NA20871	4	4,4,4,4,4,4,4	3,3	4,4,4,4,4,4,4	3,3
SMN1	NA20872	4	4,4,4,4,4,4,4	4,4	4,4,4,4,4,4,4	4,4
SMN1	NA20873	4	4,4,4,4,4,4,4	4,4	4,4,4,4,4,4,4	4,4
SMN1	NA20874	4	3,3,3,3,3,3,3	3,3	3,3,3,3,3,3,3	3,3
SMN1	NA20875	4	4,4,4,4,4,4,4	3,3	4,4,4,4,4,4,4	3,3
SMN1	NA20876	4	4,4,4,4,4,4,4	4,4	4,4,4,4,4,4,4	4,4
SMN1	NA20877	4	3,3,3,3,3,3,3	3,3	3,3,3,3,3,3,3	3,3
SMN1	NA20878	4	4,4,4,4,4,4,4	4,4	4,4,4,4,4,4,4	4,4
SMN1	NA20881	4	5,5,5,5,5,5,5	5,5	5,5,5,5,5,5,5	_,_
SMN1	NA20882	4	3,3,3,3,3,3,3	3,3	3,3,3,3,3,3,3	3,3
SMN1	NA20883	4	3,3,3,3,3,3,3	3,3	3,3,3,3,3,3,3	3,3
SMN1	NA20884	4	4,4,4,4,4,4,4	4,4	4,4,4,4,4,4,4	4,4
SMN1	NA20885	4	4,4,4,4,4,4,4	4,4	4,4,4,4,4,4,4	4,4
SMN1	NA20886	4	4,4,4,4,4,4,4	4,4	4,4,4,4,4,4,4	4,4
SMN1	NA20887	4	4,4,4,4,4,4,4	4,4	4,4,4,4,4,4,4	4,4
SMN1	NA20888	4	4,4,4,4,4,4,4	4,4	4,4,4,4,4,4,4	4,4
SMN1	NA20889	4	4,4,4,4,4,4,4	3,3	4,4,4,4,4,4,4	3,3
SMN1	NA20892	4	4,4,4,4,4,4,4	4,4	4,4,4,4,4,4,4	4,4
SMN1	NA20893	4	4,4,4,4,4,4,4	4,4	4,4,4,4,4,4,4	4,4
SMN1	NA20894	4	4,4,4,4,4,4,4	4,4	4,4,4,4,4,4,4	4,4
SMN1	NA20895	4	4,4,4,4,4,4,4	4,4	4,4,4,4,4,4,4	4,4
SMN1	NA20896	4	2,2,2,2,2,2,2	2,2	2,2,2,2,2,2,2	2,2
SMN1	NA20897	4	4,4,4,4,4,4,4	4,4	4,4,4,4,4,4,4	4,4
SMN1	NA20898	4	4,4,4,4,4,4,4	4,4	4,4,4,4,4,4,4	4,4
SMN1	NA20899	4	3,3,3,3,3,3,3	3,3	3,3,3,3,3,3,3	_,_
SMN1	NA20900	4	4,4,4,4,4,4,4	4,4	4,4,4,4,4,4,4	4,4
SMN1	NA20901	4	4,4,4,4,4,4,4	4,4	4,4,4,4,4,4,4	4,4
SMN1	NA20902	4	4,4,4,4,4,4,4	4,4	4,4,4,4,4,4,4	4,4
SMN1	NA20903	4	4,4,4,4,4,4,4	4,4	4,4,4,4,4,4,4	4,4
SMN1	NA20904	4	5,5,5,5,5,5,5	5,5	5,5,5,5,5,5,5	5,5
SMN1	NA20905	4	4,4,4,4,4,4,4	4,4	4,4,4,4,4,4,4	4,4
SMN1	NA20906	4	4,4,4,4,4,4,4	4,4	4,4,4,4,4,4,4	4,4
SMN1	NA20908	4	4,4,4,4,4,4,4	4,4	4,4,4,4,4,4,4	4,4
SMN1	NA20910	4	5,5,5,5,5,5,5	5,5	5,5,5,5,5,5,5	5,5
SMN1	NA20911	4	4,4,4,4,4,4,4	4,4	4,4,4,4,4,4,4	4,4
SMN1	NA21086	4	4,4,4,4,4,4,4	4,4	4,4,4,4,4,4,4	4,4
SMN1	NA21087	4	4,4,4,4,4,4,4	4,4	4,4,4,4,4,4,4	4,4
SMN1	NA21088	4	4,4,4,4,4,4,4	4,4	4,4,4,4,4,4,4	4,4
SMN1	NA21089	4	4,4,4,4,4,4,4	4,4	4,4,4,4,4,4,4	4,4
SMN1	NA21090	4	4,4,4,4,4,4,4	4,4	4,4,4,4,4,4,4	4,4
SMN1	NA21091	4	5,5,5,5,5,5,5	5,5	5,5,5,5,5,5,5	5,5
SMN1	NA21092	4	3,3,3,3,3,3,3	2,2	3,3,3,3,3,3,3	2,2
SMN1	NA21093	4	4,4,4,4,4,4,4	4,4	4,4,4,4,4,4,4	4,4
SMN1	NA21094	4	3,3,3,3,3,3,3	3,3	3,3,3,3,3,3,3	3,3
SMN1	NA21097	4	4,4,4,4,4,4,4	4,4	4,4,4,4,4,4,4	_,_
SMN1	NA21098	4	3,3,3,3,3,3,3	3,3	3,3,3,3,3,3,3	3,3
SMN1	NA21099	4	4,4,4,4,4,4,4	4,4	4,4,4,4,4,4,4	4,4
SMN1	NA21100	4	4,4,4,4,4,4,4	4,4	4,4,4,4,4,4,4	_,_
SMN1	NA21101	4	4,4,4,4,4,4,4	4,4	4,4,4,4,4,4,4	4,4
SMN1	NA21102	4	5,5,5,5,5,5,5	5,5	5,5,5,5,5,5,5	5,5
SMN1	NA21103	4	4,4,4,4,4,4,4	4,4	4,4,4,4,4,4,4	4,4
SMN1	NA21104	4	3,3,3,3,3,3,3	3,3	3,3,3,3,3,3,3	3,3
SMN1	NA21105	4	4,4,4,4,4,4,4	4,4	4,4,4,4,4,4,4	4,4
SMN1	NA21106	4	4,4,4,4,4,4,4	4,4	4,4,4,4,4,4,4	4,4
SMN1	NA21110	4	4,4,4,4,4,4,4	4,4	4,4,4,4,4,4,4	4,4
SMN1	NA21111	4	4,4,4,4,4,4,4	4,4	4,4,4,4,4,4,4	4,4
SMN1	NA21112	4	4,4,4,4,4,4,4	4,4	4,4,4,4,4,4,4	4,4
SMN1	NA21113	4	4,4,4,4,4,4,4	3,3	4,4,4,4,4,4,4	4,_
SMN1	NA21114	4	4,4,4,4,4,4,4	4,4	4,4,4,4,4,4,4	4,4
SMN1	NA21115	4	4,4,4,4,4,4,4	4,4	4,4,4,4,4,4,4	4,4
SMN1	NA21117	4	4,4,4,4,4,4,4	4,4	4,4,4,4,4,4,4	4,4
SMN1	NA21118	4	4,4,4,4,4,4,4	4,4	4,4,4,4,4,4,4	4,4
SMN1	NA21120	4	4,4,4,4,4,4,4	4,4	4,4,4,4,4,4,4	4,4
SMN1	NA21121	4	3,3,3,3,3,3,3	3,3	3,3,3,3,3,3,3	3,3
SMN1	NA21122	4	3,3,3,3,3,3,3	3,3	3,3,3,3,3,3,3	3,3
SMN1	NA21123	4	4,4,4,4,4,4,4	4,4	4,4,4,4,4,4,4	4,4
SMN1	NA21124	4	4,4,4,4,4,4,4	4,4	4,4,4,4,4,4,4	4,4
SMN1	NA21125	4	4,4,4,4,4,4,4	4,4	4,4,4,4,4,4,4	4,4
SMN1	NA21126	4	3,3,3,3,3,3,3	3,3	3,3,3,3,3,3,3	3,3
SMN1	NA21127	4	4,4,4,4,4,4,4	4,4	4,4,4,4,4,4,4	4,4
SMN1	NA21129	4	4,4,4,4,4,4,4	4,4	4,4,4,4,4,4,4	_,_
SMN1	NA21130	4	4,4,4,4,4,4,4	3,3	4,4,4,4,4,4,4	3,3
SMN1	NA21135	4	3,3,3,3,3,3,3	3,3	3,3,3,3,3,3,3	3,3
SMN1	NA21137	4	4,4,4,4,4,4,4	4,4	4,4,4,4,4,4,4	4,4
SMN1	NA21141	4	4,4,4,4,4,4,4	4,4	4,4,4,4,4,4,4	4,4
SMN1	NA21142	4	3,3,3,3,3,3,3	3,3	3,3,3,3,3,3,3	3,3
SMN1	NA21143	4	4,4,4,4,4,4,4	4,4	4,4,4,4,4,4,4	4,4
SMN1	NA21144	4	3,3,3,3,3,3,3	3,3	3,3,3,3,3,3,3	3,3
