gene_type	gene	refcn	num_exon	num_samples	is_ref	is_nonref	nocall_rate	comb_acc_f1	ref_acc_f1	nref_acc_f1	comb_acc_f2	ref_acc_f2	nref_acc_f2
type_1	AQP12A	4	3	506	504	2	0.1698	1.0000	1.0000	1.0000	0.9881	0.9920	0.0000
type_1	BOLA2	4	2	506	506	0	NA	NA	NA	NA	NA	NA	NA
type_1	C4A	4	41	506	286	220	0.0041	0.9680	0.9847	0.9482	NA	NA	NA
type_1	CFC1	4	6	506	506	0	0.0166	0.9992	0.9992	NA	NA	NA	NA
type_1	CHRNA7	4	6	506	413	93	0.0072	1.0000	1.0000	1.0000	0.7541	0.9211	0.0368
type_1	CLEC18A	6	12	506	57	449	0.2157	0.1648	0.4000	0.1583	0.0340	0.4259	0.0214
type_1	CTRB1	4	5	506	506	0	0.1036	0.9849	0.9849	NA	0.9689	0.9689	NA
type_1	DEFA1	6	2	506	506	0	NA	NA	NA	NA	NA	NA	NA
type_1	DEFB103A	4	2	506	380	126	0.0476	1.0000	1.0000	1.0000	NA	NA	NA
type_1	DEFB104A	4	2	506	215	291	0.1148	0.9929	0.9943	0.9920	0.3936	0.9618	0.0107
type_1	DEFB105A	4	3	506	252	254	0.0831	0.9948	0.9935	0.9957	0.3669	0.9869	0.0076
type_1	DEFB106A	4	2	506	235	271	0.1187	1.0000	1.0000	1.0000	0.4084	0.9538	0.0286
type_1	DEFB107A	4	2	337	177	160	0.1406	0.9463	0.9444	0.9478	NA	NA	NA
type_1	DEFB4A	4	2	506	371	135	0.1255	0.9829	0.9915	0.9744	0.5176	1.0000	0.0000
type_1	EIF3C	4	20	506	406	100	0.0039	0.9997	0.9996	1.0000	0.7716	0.9519	0.0559
type_1	FCGR1A	6	6	506	392	114	0.0152	0.9895	0.9862	1.0000	0.0030	0.0030	0.0028
type_1	GPR89A	4	14	506	505	1	0.0000	1.0000	1.0000	1.0000	0.9963	0.9963	1.0000
type_1	GRAP	4	3	506	390	116	0.1159	1.0000	1.0000	1.0000	NA	NA	NA
type_1	GTF2H2	6	15	506	108	398	0.0573	0.9395	0.8940	0.9492	0.1890	0.2000	0.1867
type_1	PGA3	6	9	506	171	335	0.0502	0.7758	0.8015	0.7649	0.1018	0.0339	0.1312
type_1	RABL2A	4	8	506	506	0	0.0047	0.9979	0.9979	NA	0.9809	0.9809	NA
type_1	RSPH10B	4	19	506	499	7	0.0019	0.9994	1.0000	0.9610	0.5694	0.5746	0.2051
type_1	SERF1A	4	3	506	329	177	0.0607	0.9949	0.9953	0.9942	NA	NA	NA
type_1	SLX1A	4	6	506	335	171	0.3045	0.7200	0.0000	0.7438	0.0864	1.0000	0.0327
type_1	SMN1	4	9	506	264	242	0.0251	0.9956	0.9991	0.9920	NA	NA	NA
type_1	SPAG11A	4	4	506	211	295	0.0999	0.9864	0.9899	0.9841	0.3802	0.9460	0.0099
type_1	TRIM49	6	6	506	505	1	0.0931	0.9931	0.9931	1.0000	NA	NA	NA
type_2	ACOT1	4	3	506	150	356	0.0189	0.9979	1.0000	0.9972	0.2545	0.0480	0.3239
type_2	ACSM2A	4	12	506	506	0	0.0000	1.0000	1.0000	NA	0.9823	0.9823	NA
type_2	ACSM5	4	11	506	506	0	0.0064	0.9955	0.9955	NA	0.9805	0.9805	NA
type_2	ACTR3B	4	8	506	503	3	0.0016	0.9992	1.0000	0.8750	0.9918	0.9940	0.6250
type_2	AKR1B10	4	4	506	506	0	0.0083	1.0000	1.0000	NA	0.9990	0.9990	NA
type_2	AKR1C1	4	7	506	506	0	0.0028	1.0000	1.0000	NA	0.9914	0.9914	NA
type_2	AKR7A3	4	3	506	506	0	0.0442	1.0000	1.0000	NA	1.0000	1.0000	NA
type_2	ALPP	4	7	506	502	4	0.0322	0.9973	1.0000	0.6786	NA	NA	NA
type_2	BMP8A	4	5	506	506	0	0.0157	1.0000	1.0000	NA	0.9917	0.9917	NA
type_2	C1QTNF9	4	2	506	506	0	0.0270	1.0000	1.0000	NA	0.9950	0.9950	NA
type_2	CCDC74A	4	8	506	505	1	0.0186	1.0000	1.0000	1.0000	0.9858	0.9858	1.0000
type_2	CCL4	4	2	506	429	77	0.2356	0.0296	0.0435	0.0152	NA	NA	NA
type_2	CD8B	4	5	506	504	2	0.0580	1.0000	1.0000	1.0000	NA	NA	NA
type_2	CDK11A	4	16	337	297	40	0.0139	0.9936	0.9927	1.0000	0.9365	0.9386	0.9227
type_2	CELA3A	4	7	506	480	26	0.0062	1.0000	1.0000	1.0000	0.9954	0.9982	0.9476
type_2	CKMT1A	4	9	506	488	18	0.0030	0.9875	0.9913	0.8889	0.9856	0.9894	0.8889
type_2	CYP11B1	4	6	506	506	0	0.0253	1.0000	1.0000	NA	0.9987	0.9987	NA
type_2	CYP2D6	4	9	506	407	99	0.0639	0.9819	0.9831	0.9775	NA	NA	NA
type_2	CYP4A11	4	11	506	505	1	0.0004	1.0000	1.0000	1.0000	1.0000	1.0000	1.0000
type_2	DDT	4	2	506	366	140	0.3665	0.2913	0.5556	0.2660	0.1250	1.0000	0.0000
type_2	FBXW10	4	12	506	505	1	0.0000	0.9981	1.0000	0.0909	NA	NA	NA
type_2	FCGR3A	4	5	506	400	106	0.0091	0.9971	1.0000	0.9865	0.9861	0.9894	0.9738
type_2	GSTT2	4	4	506	140	366	0.0079	0.9795	0.9459	0.9863	NA	NA	NA
type_2	HBA1	4	3	506	506	0	NA	NA	NA	NA	NA	NA	NA
type_2	HBG1	4	3	506	506	0	0.0244	0.9977	0.9977	NA	0.9687	0.9687	NA
type_2	IFNL2	4	6	506	506	0	0.0351	1.0000	1.0000	NA	0.9559	0.9559	NA
type_2	KRT6A	6	5	506	506	0	0.0352	1.0000	1.0000	NA	1.0000	1.0000	NA
type_2	KRT81	4	3	506	506	0	0.0270	1.0000	1.0000	NA	1.0000	1.0000	NA
type_2	LGALS7	4	4	506	506	0	0.2281	1.0000	1.0000	NA	0.8922	0.8922	NA
type_2	LIMS1	6	9	506	506	0	0.0106	0.9916	0.9916	NA	NA	NA	NA
type_2	LYZL1	4	3	506	506	0	0.0333	1.0000	1.0000	NA	1.0000	1.0000	NA
type_2	MZT2A	4	3	506	505	1	0.7032	1.0000	1.0000	NA	0.9967	0.9967	1.0000
type_2	OBP2A	4	4	506	506	0	0.1874	1.0000	1.0000	NA	0.9979	0.9979	NA
type_2	ORM1	4	6	506	444	62	0.0268	0.7200	0.7608	0.4340	0.8769	0.9889	0.2051
type_2	PRB1	4	4	506	404	102	0.0627	0.9694	0.9737	0.9574	0.9836	0.9948	0.9541
type_2	RFPL4A	4	2	506	456	50	0.6814	1.0000	1.0000	1.0000	NA	NA	NA
type_2	RHCE	4	10	506	196	310	0.0210	0.9546	0.9824	0.9393	0.4036	0.5440	0.3247
type_2	ROPN1	4	3	506	506	0	0.0207	1.0000	1.0000	NA	1.0000	1.0000	NA
type_2	SAA1	4	2	506	505	1	0.1125	1.0000	1.0000	NA	0.9900	0.9900	1.0000
type_2	SERPINB3	4	5	506	23	483	0.0021	0.6030	NA	0.6030	0.6036	NA	0.6036
type_2	TBC1D26	4	7	506	506	0	0.3067	1.0000	1.0000	NA	0.9832	0.9832	NA
type_2	TIMM23	4	7	506	506	0	0.0030	0.9984	0.9984	NA	NA	NA	NA
type_2	TRGV2	4	2	181	181	0	NA	NA	NA	NA	NA	NA	NA
type_2	TRGV3	4	2	181	181	0	NA	NA	NA	NA	NA	NA	NA
type_2	TRIM16	4	7	506	504	2	0.0009	0.9980	1.0000	0.5119	0.9793	0.9812	0.5119
type_2	TRIM74	6	4	506	503	3	0.0788	1.0000	1.0000	1.0000	NA	NA	NA
type_2	TUBA3D	4	5	506	505	1	0.0232	0.9979	0.9979	1.0000	0.9610	0.9614	0.8000
type_2	TVP23B	4	7	506	505	1	0.0021	0.9996	1.0000	0.8000	0.9933	0.9937	0.8000
type_2	UGT2B15	4	2	506	218	288	0.0166	0.9958	1.0000	0.9930	0.5417	0.9852	0.2417
type_2	XCL1	4	3	506	506	0	0.0394	1.0000	1.0000	NA	0.9950	0.9950	NA
type_2	ZNF443	4	3	506	504	2	0.0124	1.0000	1.0000	1.0000	0.9535	0.9573	0.0000
type_2	ZNF773	4	3	506	505	1	0.0476	0.9978	1.0000	0.0000	0.9583	0.9602	0.0000
type_3	CATSPER2	4	12	506	488	18	0.0009	0.9890	0.9914	0.9267	NA	NA	NA
type_3	CDRT1	4	13	506	505	1	0.0000	0.9983	1.0000	0.2000	NA	NA	NA
type_3	CYP21A2	4	10	506	308	198	0.0699	0.9705	0.9805	0.9565	NA	NA	NA
type_3	DHX40	4	11	506	506	0	0.0004	1.0000	1.0000	NA	NA	NA	NA
type_3	FAM185A	4	7	156	156	0	0.0000	1.0000	1.0000	NA	NA	NA	NA
type_3	GBP1	4	2	506	506	0	0.0336	1.0000	1.0000	NA	NA	NA	NA
type_3	GTF2I	6	22	506	372	134	0.0294	0.8382	0.9668	0.5099	NA	NA	NA
type_3	NCF1	6	11	506	493	13	0.0787	0.9836	0.9838	0.9773	NA	NA	NA
type_3	OCLN	4	5	506	160	346	0.0079	1.0000	1.0000	1.0000	NA	NA	NA
type_3	OTOA	4	9	506	32	474	0.0232	0.9979	1.0000	0.9978	NA	NA	NA
type_3	PDPK1	4	9	506	444	62	0.0196	0.9939	0.9994	0.9550	NA	NA	NA
type_3	PDPR	4	15	337	73	264	0.0049	0.9778	1.0000	0.9734	NA	NA	NA
type_3	PDZK1	4	7	506	505	1	0.0041	1.0000	1.0000	1.0000	NA	NA	NA
type_3	SERHL2	4	9	506	392	114	0.0152	1.0000	1.0000	1.0000	NA	NA	NA
type_3	STRC	4	28	506	487	19	0.0013	0.9889	0.9914	0.9283	NA	NA	NA
type_3	THOC3	4	6	506	505	1	0.0041	0.9979	1.0000	0.0000	NA	NA	NA
type_3	ZNF658	4	4	506	478	28	0.0124	0.9979	1.0000	0.9615	NA	NA	NA
type_4	CD177	4	4	506	506	0	0.4545	1.0000	1.0000	NA	0.9640	0.9640	NA
type_4	CEL	4	5	337	311	26	0.0643	0.9871	0.9926	0.9250	NA	NA	NA
type_4	CYP2F1	4	5	506	505	1	0.0174	0.9993	1.0000	0.6667	NA	NA	NA
type_4	CYP4Z1	4	8	506	506	0	0.0013	1.0000	1.0000	NA	NA	NA	NA
type_4	FCGBP	4	18	506	42	464	0.0701	0.9430	0.3000	0.9577	NA	NA	NA
type_4	FKBP9	4	9	506	505	1	0.0000	1.0000	1.0000	1.0000	NA	NA	NA
type_4	FOLH1	4	18	506	498	8	0.0003	0.9987	1.0000	0.9236	NA	NA	NA
type_4	KIF27	4	15	506	501	5	0.0007	0.9998	1.0000	0.9846	NA	NA	NA
type_4	MMP23B	4	7	506	480	26	0.6301	0.8889	0.8839	1.0000	NA	NA	NA
type_4	MSTO1	4	14	506	505	1	0.0006	1.0000	1.0000	1.0000	NA	NA	NA
type_4	MTX1	4	5	506	503	3	0.0312	1.0000	1.0000	1.0000	NA	NA	NA
type_4	NOX4	4	10	506	504	2	0.0043	1.0000	1.0000	1.0000	NA	NA	NA
type_4	PPIP5K1	4	26	506	489	17	0.0044	0.9880	0.9897	0.9412	NA	NA	NA
type_4	PVRIG	4	3	506	506	0	0.3906	1.0000	1.0000	NA	NA	NA	NA
type_4	RRP7A	4	6	506	393	113	0.1137	0.9953	0.9971	0.9882	NA	NA	NA
type_4	SMPD4	4	18	506	505	1	0.0000	1.0000	1.0000	1.0000	NA	NA	NA
type_4	SUZ12	4	8	506	506	0	0.0104	1.0000	1.0000	NA	NA	NA	NA
type_4	TCP10L2	4	6	506	506	0	0.0380	1.0000	1.0000	NA	NA	NA	NA
type_split	ABCC6_refcn4	4	5	506	482	24	0.0141	0.9979	1.0000	0.9545	NA	NA	NA
type_split	ABCC6_refcn6	6	4	506	476	30	0.5000	0.9959	1.0000	0.8333	NA	NA	NA
type_split	ANXA8_refcn4	4	11	506	406	100	0.0041	0.9938	0.9974	0.9800	0.0884	0.1309	0.0819
type_split	ANXA8_refcn6	6	1	506	435	71	0.7671	0.9765	1.0000	0.8182	NA	NA	NA
type_split	ATAD3A_refcn4	4	10	506	494	12	0.0261	0.9908	0.9913	0.9722	0.1892	0.0500	0.2012
type_split	ATAD3A_refcn6	6	2	506	505	1	0.5484	1.0000	1.0000	NA	NA	NA	NA
type_split	CDRT15_refcn4	4	2	506	506	0	0.4801	1.0000	1.0000	NA	NA	NA	NA
type_split	CDRT15_refcn6	6	1	506	506	0	NA	NA	NA	NA	NA	NA	NA
type_split	CEP170_refcn4	4	15	337	337	0	0.0000	1.0000	1.0000	NA	NA	NA	NA
type_split	CEP170_refcn6	6	2	337	21	316	0.9810	0.4167	NA	0.4167	NA	NA	NA
type_split	CSH1_refcn4	4	2	506	499	7	0.0910	1.0000	1.0000	1.0000	0.4951	0.9655	0.4654
type_split	CSH1_refcn6	6	3	506	499	7	0.1783	0.9786	0.9948	0.0952	NA	NA	NA
type_split	DDX11_refcn4	4	1	506	24	482	0.9855	1.0000	NA	1.0000	NA	NA	NA
type_split	DDX11_refcn6	6	25	506	505	1	0.0174	0.9983	1.0000	0.2000	NA	NA	NA
type_split	EMB_refcn4	4	6	506	503	3	0.0248	1.0000	1.0000	1.0000	NA	NA	NA
type_split	EMB_refcn6	6	1	506	506	0	0.9527	1.0000	1.0000	NA	NA	NA	NA
type_split	GBA	4	6	506	506	0	0.0182	1.0000	1.0000	NA	NA	NA	NA
type_split	NOMO1_refcn6	6	22	506	473	33	0.0068	0.9885	0.9929	0.9294	0.8955	0.9047	0.7726
type_split	TPSAB1_refcn4	4	2	506	506	0	NA	NA	NA	NA	NA	NA	NA
type_split	TPSAB1_refcn6	6	3	506	506	0	NA	NA	NA	NA	NA	NA	NA
type_split	UPK3BL_refcn4	4	2	228	143	85	1.0000	NA	NA	NA	NA	NA	NA
type_split	UPK3BL_refcn6	6	7	397	239	158	0.7093	0.0429	0.0000	0.0456	NA	NA	NA