Population	gene	refcn	num_exon	num_samples	is_ref	nocall_rate	Comb_conc	Ref_conc	Nonref_conc
AFR	ACOT1	4	3	685	323	0.013	0.9951	0.9960	0.9944
AFR	ACSM2A	4	12	685	684	0.002	0.9999	1.0000	0.9167
AFR	ACSM5	4	11	685	685	0.006	1.0000	1.0000	NA
AFR	ACTR3B	4	8	685	685	0.000	1.0000	1.0000	NA
AFR	AKR1B10	4	4	685	685	0.018	1.0000	1.0000	NA
AFR	AKR1C1	4	7	685	683	0.016	0.9997	1.0000	0.9000
AFR	AKR7A3	4	3	685	647	0.051	0.9994	1.0000	0.9907
AFR	ALPP	4	7	685	239	0.014	0.8923	0.9947	0.8482
AFR	ANXA8_refcn4	4	11	685	562	0.011	0.9847	0.9869	0.9752
AFR	AQP12A	4	3	685	684	0.087	0.9983	0.9983	1.0000
AFR	ATAD3A_refcn4	4	10	685	676	0.030	0.9572	0.9579	0.9074
AFR	BMP8A	4	5	685	685	0.009	1.0000	1.0000	NA
AFR	C1QTNF9	4	2	685	684	0.034	1.0000	1.0000	1.0000
AFR	C4A	4	41	685	379	0.005	0.9712	0.9829	0.9584
AFR	CATSPER2	4	12	685	653	0.004	0.9978	1.0000	0.9557
AFR	CCDC74A	4	8	685	681	0.008	0.9984	0.9984	1.0000
AFR	CD8B	4	5	685	683	0.082	1.0000	1.0000	1.0000
AFR	CDK11A	4	16	685	629	0.059	0.9969	0.9970	0.9963
AFR	CDRT1	4	13	685	682	0.001	0.9999	1.0000	0.9722
AFR	CEL	4	5	685	673	0.069	0.9963	0.9983	0.8909
AFR	CELA3A	4	7	685	593	0.002	0.9985	1.0000	0.9892
AFR	CEP170_refcn4	4	15	685	682	0.055	1.0000	1.0000	1.0000
AFR	CFC1	4	6	685	685	0.032	0.9981	0.9981	NA
AFR	CHRNA7	4	6	685	483	0.006	0.9953	0.9942	0.9975
AFR	CKMT1A	4	9	685	654	0.002	1.0000	1.0000	1.0000
AFR	CLEC18A	6	12	685	190	0.112	0.8847	0.9130	0.8775
AFR	CSH1_refcn4	4	2	685	684	0.141	0.9844	0.9843	1.0000
AFR	CSH1_refcn6	6	3	685	456	0.132	0.8211	0.9728	0.5700
AFR	CTRB1	4	5	685	685	0.052	0.9476	0.9476	NA
AFR	CYP11B1	4	6	685	685	0.019	1.0000	1.0000	NA
AFR	CYP21A2	4	10	685	462	0.041	0.9900	0.9897	0.9906
AFR	CYP2D6	4	9	685	529	0.076	0.9744	0.9888	0.9275
AFR	CYP2F1	4	5	685	685	0.020	1.0000	1.0000	NA
AFR	CYP4A11	4	11	685	684	0.004	1.0000	1.0000	1.0000
AFR	CYP4Z1	4	8	685	683	0.005	1.0000	1.0000	1.0000
AFR	DDT	4	2	685	555	0.188	0.8125	0.8235	0.8073
AFR	DDX11_refcn6	6	25	685	682	0.008	0.9985	1.0000	0.5385
AFR	DEFB103A	4	2	685	684	0.000	1.0000	NA	1.0000
AFR	DEFB104A	4	2	685	258	0.159	0.7214	0.7733	0.6960
AFR	DEFB105A	4	3	685	433	0.071	0.8796	0.9067	0.8621
AFR	DEFB106A	4	2	685	332	0.129	0.7140	0.7500	0.6926
AFR	DEFB107A	4	2	685	443	0.181	0.8186	0.7961	0.8369
AFR	DEFB4A	4	2	685	628	0.115	0.8316	0.7073	0.9259
AFR	DHX40	4	11	685	682	0.004	1.0000	1.0000	1.0000
AFR	EIF3C	4	20	685	612	0.003	0.9976	0.9972	1.0000
AFR	EMB_refcn4	4	6	685	685	0.022	1.0000	1.0000	NA
AFR	FAM185A	4	7	281	281	0.131	1.0000	1.0000	NA
AFR	FBXW10	4	12	685	683	0.000	0.9999	1.0000	0.9583
AFR	FCGBP	4	18	685	67	0.039	0.8784	0.2092	0.8883
AFR	FCGR1A	6	6	685	601	0.021	0.9936	0.9926	1.0000
AFR	FCGR3A	4	5	685	472	0.007	1.0000	1.0000	1.0000
AFR	FKBP9	4	9	685	685	0.002	1.0000	1.0000	NA
AFR	FOLH1	4	18	685	684	0.005	0.9969	0.9969	1.0000
AFR	GBA	4	6	685	685	0.019	0.9911	0.9911	NA
AFR	GBP1	4	2	685	685	0.050	1.0000	1.0000	NA
AFR	GPR89A	4	14	685	683	0.005	0.9935	0.9937	0.9286
AFR	GRAP	4	3	685	452	0.161	0.8080	0.8389	0.7453
AFR	GSTT2	4	4	685	288	0.035	0.9838	0.9790	0.9864
AFR	GTF2H2	6	15	685	211	0.047	0.9574	0.9525	0.9590
AFR	GTF2I	6	22	685	445	0.013	0.7963	0.9637	0.5200
AFR	HBG1	4	3	685	685	0.023	0.9913	0.9913	NA
AFR	IFNL2	4	6	685	685	0.028	1.0000	1.0000	NA
AFR	KIF27	4	15	685	685	0.002	1.0000	1.0000	NA
AFR	KRT6A	6	5	685	685	0.055	1.0000	1.0000	NA
AFR	KRT81	4	3	685	684	0.020	0.9984	1.0000	0.0000
AFR	LGALS7	4	4	685	683	0.159	1.0000	1.0000	NA
AFR	LIMS1	6	9	685	682	0.014	1.0000	1.0000	1.0000
AFR	LYZL1	4	3	685	685	0.029	1.0000	1.0000	NA
AFR	MSTO1	4	14	685	685	0.004	0.9969	0.9969	NA
AFR	MTX1	4	5	685	635	0.036	0.9983	1.0000	0.9773
AFR	NCF1	6	11	685	671	0.049	0.9941	0.9945	0.9786
AFR	NOMO1_refcn6	6	22	685	622	0.008	0.9855	0.9841	0.9986
AFR	NOX4	4	10	685	684	0.014	1.0000	1.0000	1.0000
AFR	OBP2A	4	4	685	685	0.135	1.0000	1.0000	NA
AFR	OCLN	4	5	685	361	0.003	0.9906	0.9873	0.9938
AFR	ORM1	4	6	685	551	0.016	0.9951	0.9959	0.9922
AFR	OTOA	4	9	685	47	0.013	0.9998	1.0000	0.9998
AFR	PDPK1	4	9	685	674	0.006	0.9969	0.9968	1.0000
AFR	PDPR	4	15	685	184	0.068	1.0000	1.0000	1.0000
AFR	PDZK1	4	7	685	683	0.002	0.9997	1.0000	0.9167
AFR	PGA3	6	9	685	228	0.060	0.9145	0.9006	0.9197
AFR	PPIP5K1	4	26	685	654	0.002	0.9994	0.9997	0.9948
AFR	PRB1	4	4	685	519	0.119	0.9446	0.9468	0.9400
AFR	RABL2A	4	8	685	684	0.004	1.0000	1.0000	1.0000
AFR	RHCE	4	10	685	497	0.007	0.9997	1.0000	0.9988
AFR	ROPN1	4	3	685	685	0.016	1.0000	1.0000	NA
AFR	RRP7A	4	6	685	483	0.098	0.9860	0.9950	0.9647
AFR	RSPH10B	4	19	685	685	0.006	0.9917	0.9917	NA
AFR	SAA1	4	2	685	685	0.135	1.0000	1.0000	NA
AFR	SERF1A	4	3	685	452	0.111	0.9944	0.9929	0.9969
AFR	SERHL2	4	9	685	480	0.009	0.9968	0.9977	0.9950
AFR	SERPINB3	4	5	685	46	0.007	0.6268	NA	0.6268
AFR	SMN1	4	9	685	448	0.015	0.9988	1.0000	0.9969
AFR	SMPD4	4	18	685	681	0.003	0.9953	0.9953	1.0000
AFR	SPAG11A	4	4	685	243	0.112	0.7626	0.7527	0.7673
AFR	STRC	4	28	685	654	0.001	0.9997	1.0000	0.9931
AFR	SUZ12	4	8	685	641	0.032	0.9957	0.9983	0.9576
AFR	TBC1D26	4	7	685	636	0.049	1.0000	1.0000	1.0000
AFR	TCP10L2	4	6	685	682	0.011	0.9984	1.0000	0.6667
AFR	THOC3	4	6	685	685	0.004	1.0000	1.0000	NA
AFR	TIMM23	4	7	685	665	0.010	0.9909	0.9906	1.0000
AFR	TRIM16	4	7	685	683	0.000	0.9998	1.0000	0.9286
AFR	TRIM49	6	6	685	682	0.094	0.9948	0.9948	1.0000
AFR	TRIM74	6	4	685	675	0.074	1.0000	1.0000	1.0000
AFR	TUBA3D	4	5	685	681	0.020	0.9978	0.9978	1.0000
AFR	TVP23B	4	7	685	683	0.007	1.0000	1.0000	1.0000
AFR	UGT2B15	4	2	685	409	0.030	0.9887	0.9827	0.9963
AFR	XCL1	4	3	685	685	0.060	1.0000	1.0000	NA
AFR	ZNF443	4	3	685	662	0.017	1.0000	1.0000	1.0000
AFR	ZNF658	4	4	685	545	0.021	1.0000	1.0000	1.0000
AFR	ZNF773	4	3	685	683	0.052	0.9992	1.0000	0.5000
AMR	ABCC6_refcn4	4	5	350	339	0.019	1.0000	1.0000	1.0000
AMR	ACOT1	4	3	350	101	0.003	1.0000	1.0000	1.0000
AMR	ACSM2A	4	12	350	348	0.000	0.9997	1.0000	0.9500
AMR	ACSM5	4	11	350	348	0.003	0.9994	1.0000	0.9000
AMR	ACTR3B	4	8	350	349	0.002	1.0000	1.0000	1.0000
AMR	AKR1B10	4	4	350	350	0.009	1.0000	1.0000	NA
AMR	AKR1C1	4	7	350	350	0.005	1.0000	1.0000	NA
AMR	AKR7A3	4	3	350	350	0.056	1.0000	1.0000	NA
AMR	ALPP	4	7	350	110	0.047	0.8718	0.9880	0.8297
AMR	ANXA8_refcn4	4	11	350	305	0.006	0.9907	0.9928	0.9778
AMR	AQP12A	4	3	350	346	0.145	0.9892	0.9927	0.6667
AMR	ATAD3A_refcn4	4	10	350	345	0.025	0.9874	0.9872	1.0000
AMR	BMP8A	4	5	350	350	0.025	1.0000	1.0000	NA
AMR	C1QTNF9	4	2	350	350	0.040	1.0000	1.0000	NA
AMR	C4A	4	41	350	188	0.008	0.9409	0.9568	0.9249
AMR	CATSPER2	4	12	350	336	0.010	0.9943	1.0000	0.8465
AMR	CCDC74A	4	8	350	345	0.028	1.0000	1.0000	1.0000
AMR	CD8B	4	5	350	350	0.095	1.0000	1.0000	NA
AMR	CDK11A	4	16	265	234	0.028	0.9994	1.0000	0.9947
AMR	CDRT1	4	13	350	349	0.000	0.9997	1.0000	0.9167
AMR	CEL	4	5	265	250	0.037	0.9931	0.9954	0.9538
AMR	CELA3A	4	7	350	336	0.007	1.0000	1.0000	1.0000
AMR	CEP170_refcn4	4	15	265	264	0.006	1.0000	1.0000	1.0000
AMR	CFC1	4	6	350	350	0.025	0.9979	0.9979	NA
AMR	CHRNA7	4	6	350	275	0.004	1.0000	1.0000	1.0000
AMR	CKMT1A	4	9	350	338	0.000	0.9969	1.0000	0.9167
AMR	CSH1_refcn4	4	2	350	348	0.134	1.0000	1.0000	1.0000
AMR	CTRB1	4	5	350	350	0.080	0.9467	0.9467	NA
AMR	CYP11B1	4	6	350	350	0.037	1.0000	1.0000	NA
AMR	CYP21A2	4	10	350	231	0.052	0.9661	0.9944	0.9217
AMR	CYP2D6	4	9	350	304	0.077	0.9797	0.9882	0.9268
AMR	CYP2F1	4	5	350	350	0.025	1.0000	1.0000	NA
AMR	CYP4A11	4	11	350	350	0.003	1.0000	1.0000	NA
AMR	CYP4Z1	4	8	350	350	0.000	1.0000	1.0000	NA
AMR	DDX11_refcn6	6	25	350	347	0.008	0.9969	1.0000	0.5000
AMR	DEFB103A	4	2	350	350	0.000	1.0000	1.0000	NA
AMR	DEFB104A	4	2	350	163	0.159	1.0000	1.0000	1.0000
AMR	DEFB105A	4	3	350	231	0.057	0.9317	0.9362	0.9279
AMR	DEFB106A	4	2	350	182	0.123	0.9688	0.9636	0.9726
AMR	DEFB107A	4	2	265	197	0.075	0.9580	0.9494	0.9688
AMR	DEFB4A	4	2	350	305	0.141	0.9494	0.9459	0.9524
AMR	DHX40	4	11	350	337	0.012	1.0000	1.0000	1.0000
AMR	EIF3C	4	20	350	294	0.003	0.9976	0.9971	1.0000
AMR	EMB_refcn4	4	6	350	347	0.019	0.9984	0.9984	1.0000
AMR	FAM185A	4	7	48	48	0.022	1.0000	1.0000	NA
AMR	FBXW10	4	12	350	349	0.000	1.0000	1.0000	1.0000
AMR	FCGBP	4	18	350	32	0.093	0.6463	NA	0.6463
AMR	FCGR1A	6	6	350	267	0.028	1.0000	1.0000	1.0000
AMR	FCGR3A	4	5	350	242	0.008	0.9740	0.9861	0.9495
AMR	FKBP9	4	9	350	350	0.000	1.0000	1.0000	NA
AMR	FOLH1	4	18	350	350	0.003	0.9969	0.9969	NA
AMR	GBA	4	6	350	350	0.028	0.9968	0.9968	NA
AMR	GBP1	4	2	350	350	0.041	1.0000	1.0000	NA
AMR	GPR89A	4	14	350	348	0.000	1.0000	1.0000	1.0000
AMR	GRAP	4	3	350	181	0.148	0.9832	0.9850	0.9815
AMR	GSTT2	4	4	350	153	0.022	0.9887	0.9855	0.9898
AMR	GTF2H2	6	15	350	88	0.047	0.9242	0.8644	0.9379
AMR	GTF2I	6	22	350	243	0.089	0.8143	0.9548	0.5262
AMR	HBG1	4	3	350	350	0.028	0.9903	0.9903	NA
AMR	IFNL2	4	6	350	350	0.068	1.0000	1.0000	NA
AMR	KIF27	4	15	350	350	0.003	1.0000	1.0000	NA
AMR	KRT6A	6	5	350	350	0.059	1.0000	1.0000	NA
AMR	KRT81	4	3	350	350	0.027	1.0000	1.0000	NA
AMR	LIMS1	6	9	350	350	0.010	0.9969	0.9969	NA
AMR	LYZL1	4	3	350	350	0.031	1.0000	1.0000	NA
AMR	MSTO1	4	14	350	350	0.003	1.0000	1.0000	NA
AMR	MTX1	4	5	350	348	0.038	1.0000	1.0000	1.0000
AMR	NCF1	6	11	350	338	0.069	1.0000	1.0000	1.0000
AMR	NOMO1_refcn6	6	22	350	336	0.007	0.9811	0.9802	1.0000
AMR	NOX4	4	10	350	350	0.006	1.0000	1.0000	NA
AMR	OCLN	4	5	350	113	0.014	0.9969	0.9884	1.0000
AMR	ORM1	4	6	350	293	0.160	0.9771	1.0000	0.8537
AMR	OTOA	4	9	350	32	0.037	0.9937	1.0000	0.9935
AMR	PDPK1	4	9	350	308	0.014	0.9917	1.0000	0.9358
AMR	PDPR	4	15	265	105	0.009	0.9958	1.0000	0.9937
AMR	PDZK1	4	7	350	348	0.000	1.0000	1.0000	1.0000
AMR	PGA3	6	9	350	131	0.077	0.7396	0.7957	0.7137
AMR	PPIP5K1	4	26	350	337	0.004	0.9775	0.9865	0.7635
AMR	PRB1	4	4	350	309	0.115	0.9707	0.9806	0.9091
AMR	RABL2A	4	8	350	350	0.003	1.0000	1.0000	NA
AMR	RHCE	4	10	350	225	0.004	0.9956	1.0000	0.9885
AMR	ROPN1	4	3	350	350	0.028	1.0000	1.0000	NA
AMR	RRP7A	4	6	350	317	0.096	0.9966	0.9962	1.0000
AMR	RSPH10B	4	19	350	349	0.000	0.9998	0.9998	1.0000
AMR	SAA1	4	2	350	350	0.174	1.0000	1.0000	NA
AMR	SERF1A	4	3	350	223	0.085	0.9899	0.9944	0.9831
AMR	SERHL2	4	9	350	315	0.000	0.9938	0.9965	0.9714
AMR	SERPINB3	4	5	350	25	0.003	0.5972	NA	0.5972
AMR	SMN1	4	9	350	193	0.029	0.9933	1.0000	0.9864
AMR	SMPD4	4	18	350	345	0.001	0.9969	0.9969	1.0000
AMR	SPAG11A	4	4	350	158	0.074	0.9869	0.9902	0.9846
AMR	STRC	4	28	350	337	0.001	0.9938	1.0000	0.8462
AMR	SUZ12	4	8	350	349	0.019	0.9965	0.9969	0.8750
AMR	TBC1D26	4	7	350	347	0.129	1.0000	1.0000	1.0000
AMR	TCP10L2	4	6	350	350	0.024	1.0000	1.0000	NA
AMR	THOC3	4	6	350	349	0.006	1.0000	1.0000	1.0000
AMR	TIMM23	4	7	350	348	0.004	1.0000	1.0000	1.0000
AMR	TRIM16	4	7	350	350	0.000	1.0000	1.0000	NA
AMR	TRIM49	6	6	350	350	0.062	0.9967	0.9967	NA
AMR	TRIM74	6	4	350	343	0.090	1.0000	1.0000	1.0000
AMR	TUBA3D	4	5	350	345	0.022	1.0000	1.0000	1.0000
AMR	TVP23B	4	7	350	349	0.003	0.9995	1.0000	0.8333
AMR	UGT2B15	4	2	350	162	0.058	1.0000	1.0000	1.0000
AMR	XCL1	4	3	350	350	0.049	1.0000	1.0000	NA
AMR	ZNF443	4	3	350	349	0.040	1.0000	1.0000	1.0000
AMR	ZNF658	4	4	350	338	0.013	1.0000	1.0000	1.0000
AMR	ZNF773	4	3	350	350	0.046	1.0000	1.0000	NA
EAS	ABCC6_refcn4	4	5	506	408	0.016	0.9936	1.0000	0.9688
EAS	ACOT1	4	3	506	59	0.036	0.8293	0.8500	0.8283
EAS	ACSM2A	4	12	506	504	0.001	0.9998	1.0000	0.9545
EAS	ACSM5	4	11	506	505	0.001	1.0000	1.0000	1.0000
EAS	ACTR3B	4	8	506	487	0.007	0.9976	0.9992	0.9559
EAS	AKR1B10	4	4	506	506	0.004	1.0000	1.0000	NA
EAS	AKR1C1	4	7	506	506	0.004	1.0000	1.0000	NA
EAS	AKR7A3	4	3	506	506	0.023	1.0000	1.0000	NA
EAS	ALPP	4	7	506	179	0.024	0.8961	0.9931	0.8523
EAS	ANXA8_refcn4	4	11	506	477	0.005	0.9979	1.0000	0.9655
EAS	AQP12A	4	3	506	505	0.183	0.9948	0.9948	1.0000
EAS	ATAD3A_refcn4	4	10	506	494	0.030	0.9781	0.9799	0.9000
EAS	BMP8A	4	5	506	506	0.013	1.0000	1.0000	NA
EAS	C1QTNF9	4	2	506	506	0.013	1.0000	1.0000	NA
EAS	C4A	4	41	506	299	0.008	0.9830	0.9962	0.9661
EAS	CATSPER2	4	12	506	489	0.003	0.9975	1.0000	0.9299
EAS	CCDC74A	4	8	506	496	0.007	0.9958	0.9957	1.0000
EAS	CD8B	4	5	506	505	0.042	1.0000	1.0000	1.0000
EAS	CDK11A	4	16	245	223	0.025	0.9972	1.0000	0.9716
EAS	CDRT1	4	13	506	506	0.000	1.0000	1.0000	NA
EAS	CEL	4	5	245	195	0.050	0.9905	0.9941	0.9756
EAS	CELA3A	4	7	506	464	0.007	1.0000	1.0000	1.0000
EAS	CEP170_refcn4	4	15	245	245	0.002	1.0000	1.0000	NA
EAS	CFC1	4	6	506	506	0.014	1.0000	1.0000	NA
EAS	CHRNA7	4	6	506	428	0.011	1.0000	1.0000	1.0000
EAS	CKMT1A	4	9	506	490	0.004	1.0000	1.0000	1.0000
EAS	CLEC18A	6	12	506	215	0.125	0.7734	0.8025	0.7551
EAS	CSH1_refcn4	4	2	506	506	0.053	1.0000	1.0000	NA
EAS	CSH1_refcn6	6	3	506	129	0.128	0.6893	0.9877	0.6163
EAS	CTRB1	4	5	506	506	0.079	0.9832	0.9832	NA
EAS	CYP11B1	4	6	506	506	0.013	1.0000	1.0000	NA
EAS	CYP21A2	4	10	506	339	0.045	0.9543	0.9642	0.9375
EAS	CYP2D6	4	9	506	218	0.088	0.0397	0.0679	0.0226
EAS	CYP2F1	4	5	506	506	0.016	1.0000	1.0000	NA
EAS	CYP4A11	4	11	506	506	0.000	1.0000	1.0000	NA
EAS	CYP4Z1	4	8	506	488	0.012	0.9977	0.9982	0.9806
EAS	DDX11_refcn6	6	25	506	505	0.003	0.9994	0.9994	1.0000
EAS	DEFB103A	4	2	506	501	0.000	1.0000	NA	1.0000
EAS	DEFB104A	4	2	506	221	0.096	0.9976	1.0000	0.9961
EAS	DEFB105A	4	3	506	305	0.053	0.9969	1.0000	0.9947
EAS	DEFB106A	4	2	506	244	0.056	0.9926	1.0000	0.9877
EAS	DEFB107A	4	2	245	163	0.129	1.0000	1.0000	1.0000
EAS	DEFB4A	4	2	506	430	0.063	1.0000	1.0000	1.0000
EAS	DHX40	4	11	506	499	0.001	1.0000	1.0000	1.0000
EAS	EIF3C	4	20	506	380	0.015	0.9963	0.9949	1.0000
EAS	EMB_refcn4	4	6	506	506	0.009	1.0000	1.0000	NA
EAS	FAM185A	4	7	95	95	0.000	1.0000	1.0000	NA
EAS	FBXW10	4	12	506	506	0.000	1.0000	1.0000	NA
EAS	FCGBP	4	18	506	50	0.036	0.9165	0.2500	0.9225
EAS	FCGR1A	6	6	506	369	0.017	0.9978	1.0000	0.9926
EAS	FCGR3A	4	5	506	358	0.015	0.9995	1.0000	0.9983
EAS	FKBP9	4	9	506	499	0.000	0.9986	1.0000	0.9048
EAS	FOLH1	4	18	506	503	0.001	0.9998	1.0000	0.9630
EAS	GBA	4	6	506	506	0.007	0.9979	0.9979	NA
EAS	GBP1	4	2	506	506	0.038	1.0000	1.0000	NA
EAS	GPR89A	4	14	506	500	0.002	1.0000	1.0000	1.0000
EAS	GRAP	4	3	506	250	0.053	0.9889	0.9901	0.9879
EAS	GSTT2	4	4	506	197	0.000	0.9906	0.9831	0.9935
EAS	GTF2H2	6	15	506	50	0.034	0.9594	0.9444	0.9600
EAS	GTF2I	6	22	506	418	0.055	0.9248	0.9856	0.6521
EAS	HBG1	4	3	506	502	0.016	1.0000	1.0000	1.0000
EAS	IFNL2	4	6	506	506	0.030	1.0000	1.0000	NA
EAS	KIF27	4	15	506	506	0.000	1.0000	1.0000	NA
EAS	KRT6A	6	5	506	506	0.033	1.0000	1.0000	NA
EAS	KRT81	4	3	506	506	0.011	1.0000	1.0000	NA
EAS	LGALS7	4	4	506	506	0.199	1.0000	1.0000	NA
EAS	LIMS1	6	9	506	504	0.009	0.9979	1.0000	0.5000
EAS	LYZL1	4	3	506	506	0.021	1.0000	1.0000	NA
EAS	MSTO1	4	14	506	506	0.001	1.0000	1.0000	NA
EAS	MTX1	4	5	506	500	0.024	1.0000	1.0000	1.0000
EAS	NCF1	6	11	506	493	0.091	0.9925	0.9923	1.0000
EAS	NOMO1_refcn6	6	22	506	405	0.003	0.9949	0.9966	0.9887
EAS	NOX4	4	10	506	506	0.001	1.0000	1.0000	NA
EAS	OBP2A	4	4	506	506	0.141	1.0000	1.0000	NA
EAS	OCLN	4	5	506	95	0.011	0.8979	0.9500	0.8902
EAS	ORM1	4	6	506	413	0.009	0.9891	0.9973	0.9560
EAS	OTOA	4	9	506	65	0.008	0.9979	1.0000	0.9977
EAS	PDPK1	4	9	506	487	0.001	0.9981	1.0000	0.9532
EAS	PDPR	4	15	245	128	0.010	0.9378	0.9091	0.9652
EAS	PDZK1	4	7	506	500	0.000	1.0000	1.0000	1.0000
EAS	PPIP5K1	4	26	506	490	0.001	0.9992	0.9992	1.0000
EAS	PRB1	4	4	506	447	0.116	0.9499	0.9588	0.8958
EAS	RABL2A	4	8	506	506	0.000	1.0000	1.0000	NA
EAS	RHCE	4	10	506	459	0.008	0.9973	0.9990	0.9820
EAS	ROPN1	4	3	506	506	0.006	1.0000	1.0000	NA
EAS	RRP7A	4	6	506	388	0.070	0.9887	0.9911	0.9806
EAS	RSPH10B	4	19	506	505	0.000	1.0000	1.0000	1.0000
EAS	SAA1	4	2	506	506	0.079	1.0000	1.0000	NA
EAS	SERF1A	4	3	506	317	0.059	0.9769	0.9728	0.9831
EAS	SERHL2	4	9	506	383	0.040	1.0000	1.0000	1.0000
EAS	SERPINB3	4	5	506	32	0.006	0.6025	NA	0.6025
EAS	SMN1	4	9	506	317	0.008	1.0000	1.0000	1.0000
EAS	SMPD4	4	18	506	496	0.001	0.9998	1.0000	0.9882
EAS	SPAG11A	4	4	506	211	0.086	0.9626	0.9709	0.9574
EAS	STRC	4	28	506	490	0.002	0.9989	0.9989	1.0000
EAS	SUZ12	4	8	506	506	0.006	1.0000	1.0000	NA
EAS	TCP10L2	4	6	506	506	0.082	1.0000	1.0000	NA
EAS	THOC3	4	6	506	506	0.007	1.0000	1.0000	NA
EAS	TIMM23	4	7	506	505	0.002	1.0000	1.0000	1.0000
EAS	TRIM16	4	7	506	506	0.000	1.0000	1.0000	NA
EAS	TRIM49	6	6	506	501	0.037	0.9890	0.9889	1.0000
EAS	TRIM74	6	4	506	500	0.059	1.0000	1.0000	1.0000
EAS	TUBA3D	4	5	506	497	0.015	0.9962	0.9961	1.0000
EAS	TVP23B	4	7	506	506	0.004	1.0000	1.0000	NA
EAS	UGT2B15	4	2	506	48	0.057	0.7136	0.9167	0.7080
EAS	XCL1	4	3	506	506	0.025	1.0000	1.0000	NA
EAS	ZNF443	4	3	506	505	0.019	1.0000	1.0000	1.0000
EAS	ZNF658	4	4	506	344	0.029	0.9783	0.9903	0.9539
EAS	ZNF773	4	3	506	505	0.034	0.9989	1.0000	0.5000
EUR	ABCC6_refcn4	4	5	506	482	0.014	0.9979	1.0000	0.9545
EUR	ACOT1	4	3	506	150	0.019	0.9979	1.0000	0.9972
EUR	ACSM2A	4	12	506	506	0.000	1.0000	1.0000	NA
EUR	ACSM5	4	11	506	506	0.006	0.9955	0.9955	NA
EUR	ACTR3B	4	8	506	503	0.002	0.9992	1.0000	0.8750
EUR	AKR1B10	4	4	506	506	0.008	1.0000	1.0000	NA
EUR	AKR1C1	4	7	506	506	0.003	1.0000	1.0000	NA
EUR	AKR7A3	4	3	506	506	0.044	1.0000	1.0000	NA
EUR	ALPP	4	7	506	158	0.032	0.8954	1.0000	0.8545
EUR	ANXA8_refcn4	4	11	506	406	0.004	0.9938	0.9974	0.9800
EUR	AQP12A	4	3	506	504	0.170	1.0000	1.0000	1.0000
EUR	ATAD3A_refcn4	4	10	506	494	0.026	0.9908	0.9913	0.9722
EUR	BMP8A	4	5	506	506	0.016	1.0000	1.0000	NA
EUR	C1QTNF9	4	2	506	506	0.027	1.0000	1.0000	NA
EUR	C4A	4	41	506	286	0.004	0.9680	0.9847	0.9482
EUR	CATSPER2	4	12	506	488	0.001	0.9890	0.9914	0.9267
EUR	CCDC74A	4	8	506	505	0.019	1.0000	1.0000	1.0000
EUR	CD8B	4	5	506	504	0.058	1.0000	1.0000	1.0000
EUR	CDK11A	4	16	337	297	0.014	0.9936	0.9927	1.0000
EUR	CDRT1	4	13	506	505	0.000	0.9983	1.0000	0.2000
EUR	CEL	4	5	337	311	0.064	0.9871	0.9926	0.9250
EUR	CELA3A	4	7	506	480	0.006	1.0000	1.0000	1.0000
EUR	CEP170_refcn4	4	15	337	337	0.000	1.0000	1.0000	NA
EUR	CFC1	4	6	506	506	0.017	0.9992	0.9992	NA
EUR	CHRNA7	4	6	506	413	0.007	1.0000	1.0000	1.0000
EUR	CKMT1A	4	9	506	488	0.003	0.9875	0.9913	0.8889
EUR	CSH1_refcn4	4	2	506	499	0.091	1.0000	1.0000	1.0000
EUR	CSH1_refcn6	6	3	506	214	0.178	0.7404	0.9932	0.5868
EUR	CTRB1	4	5	506	506	0.104	0.9849	0.9849	NA
EUR	CYP11B1	4	6	506	506	0.025	1.0000	1.0000	NA
EUR	CYP21A2	4	10	506	308	0.070	0.9705	0.9805	0.9565
EUR	CYP2D6	4	9	506	407	0.064	0.9819	0.9831	0.9775
EUR	CYP2F1	4	5	506	505	0.017	0.9993	1.0000	0.6667
EUR	CYP4A11	4	11	506	505	0.000	1.0000	1.0000	1.0000
EUR	CYP4Z1	4	8	506	506	0.001	1.0000	1.0000	NA
EUR	DDX11_refcn6	6	25	506	505	0.017	0.9983	1.0000	0.2000
EUR	DEFB103A	4	2	506	380	0.048	1.0000	1.0000	1.0000
EUR	DEFB104A	4	2	506	215	0.115	0.9929	0.9943	0.9920
EUR	DEFB105A	4	3	506	252	0.083	0.9948	0.9935	0.9957
EUR	DEFB106A	4	2	506	235	0.119	1.0000	1.0000	1.0000
EUR	DEFB107A	4	2	337	177	0.141	0.9463	0.9444	0.9478
EUR	DEFB4A	4	2	506	371	0.125	0.9829	0.9915	0.9744
EUR	DHX40	4	11	506	506	0.000	1.0000	1.0000	NA
EUR	EIF3C	4	20	506	406	0.004	0.9997	0.9996	1.0000
EUR	EMB_refcn4	4	6	506	503	0.025	1.0000	1.0000	1.0000
EUR	FAM185A	4	7	156	156	0.000	1.0000	1.0000	NA
EUR	FBXW10	4	12	506	505	0.000	0.9981	1.0000	0.0909
EUR	FCGBP	4	18	506	42	0.070	0.9430	0.3000	0.9577
EUR	FCGR1A	6	6	506	392	0.015	0.9895	0.9862	1.0000
EUR	FCGR3A	4	5	506	400	0.009	0.9971	1.0000	0.9865
EUR	FKBP9	4	9	506	505	0.000	1.0000	1.0000	1.0000
EUR	FOLH1	4	18	506	498	0.000	0.9987	1.0000	0.9236
EUR	GBA	4	6	506	506	0.018	1.0000	1.0000	NA
EUR	GBP1	4	2	506	506	0.034	1.0000	1.0000	NA
EUR	GPR89A	4	14	506	505	0.000	1.0000	1.0000	1.0000
EUR	GRAP	4	3	506	390	0.116	1.0000	1.0000	1.0000
EUR	GSTT2	4	4	506	140	0.008	0.9795	0.9459	0.9863
EUR	GTF2H2	6	15	506	108	0.057	0.9395	0.8940	0.9492
EUR	GTF2I	6	22	506	372	0.029	0.8382	0.9668	0.5099
EUR	HBG1	4	3	506	506	0.024	0.9977	0.9977	NA
EUR	IFNL2	4	6	506	506	0.035	1.0000	1.0000	NA
EUR	KIF27	4	15	506	501	0.001	0.9998	1.0000	0.9846
EUR	KRT6A	6	5	506	506	0.035	1.0000	1.0000	NA
EUR	KRT81	4	3	506	506	0.027	1.0000	1.0000	NA
EUR	LIMS1	6	9	506	506	0.011	0.9916	0.9916	NA
EUR	LYZL1	4	3	506	506	0.033	1.0000	1.0000	NA
EUR	MSTO1	4	14	506	505	0.001	1.0000	1.0000	1.0000
EUR	MTX1	4	5	506	503	0.031	1.0000	1.0000	1.0000
EUR	NCF1	6	11	506	493	0.079	0.9836	0.9838	0.9773
EUR	NOMO1_refcn6	6	22	506	473	0.007	0.9885	0.9929	0.9294
EUR	NOX4	4	10	506	504	0.004	1.0000	1.0000	1.0000
EUR	OBP2A	4	4	506	506	0.187	1.0000	1.0000	NA
EUR	OCLN	4	5	506	160	0.008	1.0000	1.0000	1.0000
EUR	ORM1	4	6	506	444	0.027	0.7200	0.7608	0.4340
EUR	OTOA	4	9	506	32	0.023	0.9979	1.0000	0.9978
EUR	PDPK1	4	9	506	444	0.020	0.9939	0.9994	0.9550
EUR	PDPR	4	15	337	73	0.005	0.9778	1.0000	0.9734
EUR	PDZK1	4	7	506	505	0.004	1.0000	1.0000	1.0000
EUR	PGA3	6	9	506	171	0.050	0.7758	0.8015	0.7649
EUR	PPIP5K1	4	26	506	489	0.004	0.9880	0.9897	0.9412
EUR	PRB1	4	4	506	404	0.063	0.9694	0.9737	0.9574
EUR	RABL2A	4	8	506	506	0.005	0.9979	0.9979	NA
EUR	RHCE	4	10	506	196	0.021	0.9546	0.9824	0.9393
EUR	ROPN1	4	3	506	506	0.021	1.0000	1.0000	NA
EUR	RRP7A	4	6	506	393	0.114	0.9953	0.9971	0.9882
EUR	RSPH10B	4	19	506	499	0.002	0.9994	1.0000	0.9610
EUR	SAA1	4	2	506	505	0.113	1.0000	1.0000	NA
EUR	SERF1A	4	3	506	329	0.061	0.9949	0.9953	0.9942
EUR	SERHL2	4	9	506	392	0.015	1.0000	1.0000	1.0000
EUR	SERPINB3	4	5	506	23	0.002	0.6030	NA	0.6030
EUR	SMN1	4	9	506	264	0.025	0.9956	0.9991	0.9920
EUR	SMPD4	4	18	506	505	0.000	1.0000	1.0000	1.0000
EUR	SPAG11A	4	4	506	211	0.100	0.9864	0.9899	0.9841
EUR	STRC	4	28	506	487	0.001	0.9889	0.9914	0.9283
EUR	SUZ12	4	8	506	506	0.010	1.0000	1.0000	NA
EUR	TCP10L2	4	6	506	506	0.038	1.0000	1.0000	NA
EUR	THOC3	4	6	506	505	0.004	0.9979	1.0000	0.0000
EUR	TIMM23	4	7	506	506	0.003	0.9984	0.9984	NA
EUR	TRIM16	4	7	506	504	0.001	0.9980	1.0000	0.5119
EUR	TRIM49	6	6	506	505	0.093	0.9931	0.9931	1.0000
EUR	TRIM74	6	4	506	503	0.079	1.0000	1.0000	1.0000
EUR	TUBA3D	4	5	506	505	0.023	0.9979	0.9979	1.0000
EUR	TVP23B	4	7	506	505	0.002	0.9996	1.0000	0.8000
EUR	UGT2B15	4	2	506	218	0.017	0.9958	1.0000	0.9930
EUR	XCL1	4	3	506	506	0.039	1.0000	1.0000	NA
EUR	ZNF443	4	3	506	504	0.012	1.0000	1.0000	1.0000
EUR	ZNF658	4	4	506	478	0.012	0.9979	1.0000	0.9615
EUR	ZNF773	4	3	506	505	0.048	0.9978	1.0000	0.0000
SAS	ABCC6_refcn4	4	5	526	465	0.038	1.0000	1.0000	1.0000
SAS	ACOT1	4	3	526	227	0.004	1.0000	1.0000	1.0000
SAS	ACSM2A	4	12	526	524	0.002	0.9998	1.0000	0.9583
SAS	ACSM5	4	11	526	526	0.008	0.9989	0.9989	NA
SAS	ACTR3B	4	8	526	524	0.001	0.9997	1.0000	0.9375
SAS	AKR1B10	4	4	526	523	0.004	1.0000	1.0000	1.0000
SAS	AKR1C1	4	7	526	526	0.004	1.0000	1.0000	NA
SAS	AKR7A3	4	3	526	526	0.025	1.0000	1.0000	NA
SAS	ALPP	4	7	526	140	0.021	0.8671	1.0000	0.8354
SAS	ANXA8_refcn4	4	11	526	459	0.011	0.9979	0.9975	1.0000
SAS	AQP12A	4	3	526	524	0.039	1.0000	1.0000	1.0000
SAS	ATAD3A_refcn4	4	10	526	515	0.017	0.9934	0.9957	0.8985
SAS	BMP8A	4	5	526	526	0.004	1.0000	1.0000	NA
SAS	C1QTNF9	4	2	526	526	0.015	1.0000	1.0000	NA
SAS	C4A	4	41	526	262	0.006	0.9462	0.9760	0.9221
SAS	CATSPER2	4	12	526	503	0.000	0.9967	0.9998	0.9351
SAS	CCDC74A	4	8	526	524	0.003	0.9979	0.9979	1.0000
SAS	CD177	4	4	526	526	0.156	1.0000	1.0000	NA
SAS	CD8B	4	5	526	525	0.057	0.9996	1.0000	0.8000
SAS	CDK11A	4	16	526	465	0.019	1.0000	1.0000	1.0000
SAS	CDRT1	4	13	526	525	0.000	0.9998	1.0000	0.9231
SAS	CEL	4	5	526	466	0.030	1.0000	1.0000	1.0000
SAS	CELA3A	4	7	526	509	0.002	0.9982	1.0000	0.9510
SAS	CEP170_refcn4	4	15	526	526	0.017	1.0000	1.0000	NA
SAS	CFC1	4	6	526	525	0.014	1.0000	1.0000	1.0000
SAS	CHRNA7	4	6	526	443	0.004	1.0000	1.0000	1.0000
SAS	CKMT1A	4	9	526	504	0.000	0.9979	1.0000	0.9545
SAS	CSH1_refcn4	4	2	526	526	0.104	0.9975	0.9975	NA
SAS	CSH1_refcn6	6	3	526	160	0.134	0.6854	0.9891	0.5975
SAS	CTRB1	4	5	526	526	0.039	0.9972	0.9972	NA
SAS	CYP11B1	4	6	526	526	0.023	1.0000	1.0000	NA
SAS	CYP21A2	4	10	526	298	0.031	0.7808	0.7885	0.7727
SAS	CYP2D6	4	9	526	463	0.040	0.9956	1.0000	0.9655
SAS	CYP2F1	4	5	526	525	0.008	0.9986	1.0000	0.3333
SAS	CYP4A11	4	11	526	526	0.004	1.0000	1.0000	NA
SAS	CYP4Z1	4	8	526	526	0.002	1.0000	1.0000	NA
SAS	DDX11_refcn6	6	25	526	522	0.009	0.9915	0.9979	0.2500
SAS	DEFB103A	4	2	526	518	0.000	1.0000	NA	1.0000
SAS	DEFB104A	4	2	526	244	0.084	0.9907	1.0000	0.9839
SAS	DEFB105A	4	3	526	333	0.035	0.9940	1.0000	0.9891
SAS	DEFB106A	4	2	526	265	0.068	0.9951	1.0000	0.9916
SAS	DEFB107A	4	2	526	343	0.071	0.9880	1.0000	0.9766
SAS	DEFB4A	4	2	526	459	0.143	0.9912	0.9821	1.0000
SAS	DHX40	4	11	526	526	0.000	1.0000	1.0000	NA
SAS	EIF3C	4	20	526	423	0.007	1.0000	1.0000	1.0000
SAS	EMB_refcn4	4	6	526	526	0.017	1.0000	1.0000	NA
SAS	FAM185A	4	7	301	300	0.079	0.9994	1.0000	0.8571
SAS	FBXW10	4	12	526	524	0.000	0.9998	1.0000	0.9583
SAS	FCGBP	4	18	526	76	0.034	0.8419	0.2500	0.8472
SAS	FCGR1A	6	6	526	391	0.027	1.0000	1.0000	1.0000
SAS	FCGR3A	4	5	526	380	0.011	1.0000	1.0000	1.0000
SAS	FKBP9	4	9	526	526	0.002	1.0000	1.0000	NA
SAS	FOLH1	4	18	526	524	0.004	0.9991	1.0000	0.7778
SAS	GBA	4	6	526	526	0.009	0.9978	0.9978	NA
SAS	GBP1	4	2	526	526	0.040	1.0000	1.0000	NA
SAS	GPR89A	4	14	526	524	0.001	1.0000	1.0000	1.0000
SAS	GRAP	4	3	526	242	0.059	0.9888	0.9943	0.9853
SAS	GSTT2	4	4	526	104	0.004	1.0000	1.0000	1.0000
SAS	GTF2H2	6	15	526	89	0.011	0.9805	1.0000	0.9787
SAS	GTF2I	6	22	526	178	0.022	0.5353	0.9839	0.3736
SAS	HBG1	4	3	526	526	0.022	0.9955	0.9955	NA
SAS	IFNL2	4	6	526	526	0.013	1.0000	1.0000	NA
SAS	KIF27	4	15	526	526	0.000	1.0000	1.0000	NA
SAS	KRT6A	6	5	526	526	0.028	1.0000	1.0000	NA
SAS	KRT81	4	3	526	526	0.013	1.0000	1.0000	NA
SAS	LGALS7	4	4	526	526	0.086	1.0000	1.0000	NA
SAS	LIMS1	6	9	526	525	0.017	0.9979	0.9979	1.0000
SAS	LYZL1	4	3	526	526	0.023	1.0000	1.0000	NA
SAS	MSTO1	4	14	526	526	0.000	1.0000	1.0000	NA
SAS	MTX1	4	5	526	511	0.015	0.9979	1.0000	0.9333
SAS	NCF1	6	11	526	517	0.039	0.9935	0.9978	0.7778
SAS	NOMO1_refcn6	6	22	526	462	0.007	0.9997	1.0000	0.9977
SAS	NOX4	4	10	526	526	0.005	1.0000	1.0000	NA
SAS	OBP2A	4	4	526	526	0.096	1.0000	1.0000	NA
SAS	OCLN	4	5	526	122	0.001	1.0000	1.0000	1.0000
SAS	ORM1	4	6	526	493	0.018	0.9933	1.0000	0.8966
SAS	OTOA	4	9	526	70	0.011	1.0000	1.0000	1.0000
SAS	PDPK1	4	9	526	498	0.008	1.0000	1.0000	1.0000
SAS	PDPR	4	15	526	179	0.021	1.0000	1.0000	1.0000
SAS	PDZK1	4	7	526	524	0.002	1.0000	1.0000	1.0000
SAS	PGA3	6	9	526	192	0.053	0.8161	0.8512	0.8025
SAS	PPIP5K1	4	26	526	502	0.001	0.9960	1.0000	0.9215
SAS	PRB1	4	4	526	479	0.076	0.9819	0.9824	0.9783
SAS	PVRIG	4	3	526	526	0.173	1.0000	1.0000	NA
SAS	RABL2A	4	8	526	524	0.000	1.0000	1.0000	1.0000
SAS	RHCE	4	10	526	336	0.001	0.9998	1.0000	0.9995
SAS	ROPN1	4	3	526	526	0.011	1.0000	1.0000	NA
SAS	RRP7A	4	6	526	375	0.080	0.9992	1.0000	0.9973
SAS	RSPH10B	4	19	526	526	0.002	0.9996	0.9996	NA
SAS	SAA1	4	2	526	526	0.112	1.0000	1.0000	NA
SAS	SERF1A	4	3	526	368	0.033	1.0000	1.0000	1.0000
SAS	SERHL2	4	9	526	376	0.001	1.0000	1.0000	1.0000
SAS	SERPINB3	4	5	526	50	0.021	0.6014	NA	0.6014
SAS	SMN1	4	9	526	355	0.011	0.9993	1.0000	0.9980
SAS	SMPD4	4	18	526	524	0.002	1.0000	1.0000	1.0000
SAS	SPAG11A	4	4	526	238	0.026	1.0000	1.0000	1.0000
SAS	STRC	4	28	526	503	0.000	0.9979	1.0000	0.9565
SAS	SUZ12	4	8	526	526	0.011	1.0000	1.0000	NA
SAS	TBC1D26	4	7	526	523	0.019	1.0000	1.0000	1.0000
SAS	TCP10L2	4	6	526	526	0.002	1.0000	1.0000	NA
SAS	THOC3	4	6	526	526	0.000	1.0000	1.0000	NA
SAS	TIMM23	4	7	526	526	0.004	1.0000	1.0000	NA
SAS	TRIM16	4	7	526	526	0.000	1.0000	1.0000	NA
SAS	TRIM49	6	6	526	521	0.067	0.9978	0.9977	1.0000
SAS	TRIM74	6	4	526	521	0.044	1.0000	1.0000	1.0000
SAS	TUBA3D	4	5	526	523	0.010	0.9975	0.9974	1.0000
SAS	TVP23B	4	7	526	525	0.000	1.0000	1.0000	1.0000
SAS	UGT2B15	4	2	526	135	0.011	1.0000	1.0000	1.0000
SAS	XCL1	4	3	526	526	0.032	1.0000	1.0000	NA
SAS	ZNF443	4	3	526	526	0.021	1.0000	1.0000	NA
SAS	ZNF658	4	4	526	503	0.006	1.0000	1.0000	1.0000
SAS	ZNF773	4	3	526	516	0.034	0.9837	1.0000	0.2500