Population	gene	comb_conc	bin
AFR	ACOT1	0.9951	[0.99, 1.00)
AFR	ACSM2A	0.9999	[0.99, 1.00)
AFR	ACSM5	1.0000	[0.99, 1.00)
AFR	ACTR3B	1.0000	[0.99, 1.00)
AFR	AKR1B10	1.0000	[0.99, 1.00)
AFR	AKR1C1	0.9997	[0.99, 1.00)
AFR	AKR7A3	0.9994	[0.99, 1.00)
AFR	ALPP	0.8923	[0.80, 0.90)
AFR	ANXA8_refcn4	0.9847	[0.98, 0.99)
AFR	AQP12A	0.9983	[0.99, 1.00)
AFR	ATAD3A_refcn4	0.9572	[0.95, 0.98)
AFR	BMP8A	1.0000	[0.99, 1.00)
AFR	C1QTNF9	1.0000	[0.99, 1.00)
AFR	C4A	0.9712	[0.95, 0.98)
AFR	CATSPER2	0.9978	[0.99, 1.00)
AFR	CCDC74A	0.9984	[0.99, 1.00)
AFR	CD8B	1.0000	[0.99, 1.00)
AFR	CDK11A	0.9969	[0.99, 1.00)
AFR	CDRT1	0.9999	[0.99, 1.00)
AFR	CEL	0.9963	[0.99, 1.00)
AFR	CELA3A	0.9985	[0.99, 1.00)
AFR	CEP170_refcn4	1.0000	[0.99, 1.00)
AFR	CFC1	0.9981	[0.99, 1.00)
AFR	CHRNA7	0.9953	[0.99, 1.00)
AFR	CKMT1A	1.0000	[0.99, 1.00)
AFR	CLEC18A	0.8847	[0.80, 0.90)
AFR	CSH1_refcn4	0.9844	[0.98, 0.99)
AFR	CSH1_refcn6	0.8211	[0.80, 0.90)
AFR	CTRB1	0.9476	[0.90, 0.95)
AFR	CYP11B1	1.0000	[0.99, 1.00)
AFR	CYP21A2	0.9900	[0.99, 1.00)
AFR	CYP2D6	0.9744	[0.95, 0.98)
AFR	CYP2F1	1.0000	[0.99, 1.00)
AFR	CYP4A11	1.0000	[0.99, 1.00)
AFR	CYP4Z1	1.0000	[0.99, 1.00)
AFR	DDT	0.8125	[0.80, 0.90)
AFR	DDX11_refcn6	0.9985	[0.99, 1.00)
AFR	DEFB103A	1.0000	[0.99, 1.00)
AFR	DEFB104A	0.7214	[0.50, 0.80)
AFR	DEFB105A	0.8796	[0.80, 0.90)
AFR	DEFB106A	0.7140	[0.50, 0.80)
AFR	DEFB107A	0.8186	[0.80, 0.90)
AFR	DEFB4A	0.8316	[0.80, 0.90)
AFR	DHX40	1.0000	[0.99, 1.00)
AFR	EIF3C	0.9976	[0.99, 1.00)
AFR	EMB_refcn4	1.0000	[0.99, 1.00)
AFR	FAM185A	1.0000	[0.99, 1.00)
AFR	FBXW10	0.9999	[0.99, 1.00)
AFR	FCGBP	0.8784	[0.80, 0.90)
AFR	FCGR1A	0.9936	[0.99, 1.00)
AFR	FCGR3A	1.0000	[0.99, 1.00)
AFR	FKBP9	1.0000	[0.99, 1.00)
AFR	FOLH1	0.9969	[0.99, 1.00)
AFR	GBA	0.9911	[0.99, 1.00)
AFR	GBP1	1.0000	[0.99, 1.00)
AFR	GPR89A	0.9935	[0.99, 1.00)
AFR	GRAP	0.8080	[0.80, 0.90)
AFR	GSTT2	0.9838	[0.98, 0.99)
AFR	GTF2H2	0.9574	[0.95, 0.98)
AFR	GTF2I	0.7963	[0.50, 0.80)
AFR	HBG1	0.9913	[0.99, 1.00)
AFR	IFNL2	1.0000	[0.99, 1.00)
AFR	KIF27	1.0000	[0.99, 1.00)
AFR	KRT6A	1.0000	[0.99, 1.00)
AFR	KRT81	0.9984	[0.99, 1.00)
AFR	LGALS7	1.0000	[0.99, 1.00)
AFR	LIMS1	1.0000	[0.99, 1.00)
AFR	LYZL1	1.0000	[0.99, 1.00)
AFR	MSTO1	0.9969	[0.99, 1.00)
AFR	MTX1	0.9983	[0.99, 1.00)
AFR	NCF1	0.9941	[0.99, 1.00)
AFR	NOMO1_refcn6	0.9855	[0.98, 0.99)
AFR	NOX4	1.0000	[0.99, 1.00)
AFR	OBP2A	1.0000	[0.99, 1.00)
AFR	OCLN	0.9906	[0.99, 1.00)
AFR	ORM1	0.9951	[0.99, 1.00)
AFR	OTOA	0.9998	[0.99, 1.00)
AFR	PDPK1	0.9969	[0.99, 1.00)
AFR	PDPR	1.0000	[0.99, 1.00)
AFR	PDZK1	0.9997	[0.99, 1.00)
AFR	PGA3	0.9145	[0.90, 0.95)
AFR	PPIP5K1	0.9994	[0.99, 1.00)
AFR	PRB1	0.9446	[0.90, 0.95)
AFR	RABL2A	1.0000	[0.99, 1.00)
AFR	RHCE	0.9997	[0.99, 1.00)
AFR	ROPN1	1.0000	[0.99, 1.00)
AFR	RRP7A	0.9860	[0.98, 0.99)
AFR	RSPH10B	0.9917	[0.99, 1.00)
AFR	SAA1	1.0000	[0.99, 1.00)
AFR	SERF1A	0.9944	[0.99, 1.00)
AFR	SERHL2	0.9968	[0.99, 1.00)
AFR	SERPINB3	0.6268	[0.50, 0.80)
AFR	SMN1	0.9988	[0.99, 1.00)
AFR	SMPD4	0.9953	[0.99, 1.00)
AFR	SPAG11A	0.7626	[0.50, 0.80)
AFR	STRC	0.9997	[0.99, 1.00)
AFR	SUZ12	0.9957	[0.99, 1.00)
AFR	TBC1D26	1.0000	[0.99, 1.00)
AFR	TCP10L2	0.9984	[0.99, 1.00)
AFR	THOC3	1.0000	[0.99, 1.00)
AFR	TIMM23	0.9909	[0.99, 1.00)
AFR	TRIM16	0.9998	[0.99, 1.00)
AFR	TRIM49	0.9948	[0.99, 1.00)
AFR	TRIM74	1.0000	[0.99, 1.00)
AFR	TUBA3D	0.9978	[0.99, 1.00)
AFR	TVP23B	1.0000	[0.99, 1.00)
AFR	UGT2B15	0.9887	[0.98, 0.99)
AFR	XCL1	1.0000	[0.99, 1.00)
AFR	ZNF443	1.0000	[0.99, 1.00)
AFR	ZNF658	1.0000	[0.99, 1.00)
AFR	ZNF773	0.9992	[0.99, 1.00)
AMR	ABCC6_refcn4	1.0000	[0.99, 1.00)
AMR	ACOT1	1.0000	[0.99, 1.00)
AMR	ACSM2A	0.9997	[0.99, 1.00)
AMR	ACSM5	0.9994	[0.99, 1.00)
AMR	ACTR3B	1.0000	[0.99, 1.00)
AMR	AKR1B10	1.0000	[0.99, 1.00)
AMR	AKR1C1	1.0000	[0.99, 1.00)
AMR	AKR7A3	1.0000	[0.99, 1.00)
AMR	ALPP	0.8718	[0.80, 0.90)
AMR	ANXA8_refcn4	0.9907	[0.99, 1.00)
AMR	AQP12A	0.9892	[0.98, 0.99)
AMR	ATAD3A_refcn4	0.9874	[0.98, 0.99)
AMR	BMP8A	1.0000	[0.99, 1.00)
AMR	C1QTNF9	1.0000	[0.99, 1.00)
AMR	C4A	0.9409	[0.90, 0.95)
AMR	CATSPER2	0.9943	[0.99, 1.00)
AMR	CCDC74A	1.0000	[0.99, 1.00)
AMR	CD8B	1.0000	[0.99, 1.00)
AMR	CDK11A	0.9994	[0.99, 1.00)
AMR	CDRT1	0.9997	[0.99, 1.00)
AMR	CEL	0.9931	[0.99, 1.00)
AMR	CELA3A	1.0000	[0.99, 1.00)
AMR	CEP170_refcn4	1.0000	[0.99, 1.00)
AMR	CFC1	0.9979	[0.99, 1.00)
AMR	CHRNA7	1.0000	[0.99, 1.00)
AMR	CKMT1A	0.9969	[0.99, 1.00)
AMR	CSH1_refcn4	1.0000	[0.99, 1.00)
AMR	CTRB1	0.9467	[0.90, 0.95)
AMR	CYP11B1	1.0000	[0.99, 1.00)
AMR	CYP21A2	0.9661	[0.95, 0.98)
AMR	CYP2D6	0.9797	[0.95, 0.98)
AMR	CYP2F1	1.0000	[0.99, 1.00)
AMR	CYP4A11	1.0000	[0.99, 1.00)
AMR	CYP4Z1	1.0000	[0.99, 1.00)
AMR	DDX11_refcn6	0.9969	[0.99, 1.00)
AMR	DEFB103A	1.0000	[0.99, 1.00)
AMR	DEFB104A	1.0000	[0.99, 1.00)
AMR	DEFB105A	0.9317	[0.90, 0.95)
AMR	DEFB106A	0.9688	[0.95, 0.98)
AMR	DEFB107A	0.9580	[0.95, 0.98)
AMR	DEFB4A	0.9494	[0.90, 0.95)
AMR	DHX40	1.0000	[0.99, 1.00)
AMR	EIF3C	0.9976	[0.99, 1.00)
AMR	EMB_refcn4	0.9984	[0.99, 1.00)
AMR	FAM185A	1.0000	[0.99, 1.00)
AMR	FBXW10	1.0000	[0.99, 1.00)
AMR	FCGBP	0.6463	[0.50, 0.80)
AMR	FCGR1A	1.0000	[0.99, 1.00)
AMR	FCGR3A	0.9740	[0.95, 0.98)
AMR	FKBP9	1.0000	[0.99, 1.00)
AMR	FOLH1	0.9969	[0.99, 1.00)
AMR	GBA	0.9968	[0.99, 1.00)
AMR	GBP1	1.0000	[0.99, 1.00)
AMR	GPR89A	1.0000	[0.99, 1.00)
AMR	GRAP	0.9832	[0.98, 0.99)
AMR	GSTT2	0.9887	[0.98, 0.99)
AMR	GTF2H2	0.9242	[0.90, 0.95)
AMR	GTF2I	0.8143	[0.80, 0.90)
AMR	HBG1	0.9903	[0.99, 1.00)
AMR	IFNL2	1.0000	[0.99, 1.00)
AMR	KIF27	1.0000	[0.99, 1.00)
AMR	KRT6A	1.0000	[0.99, 1.00)
AMR	KRT81	1.0000	[0.99, 1.00)
AMR	LIMS1	0.9969	[0.99, 1.00)
AMR	LYZL1	1.0000	[0.99, 1.00)
AMR	MSTO1	1.0000	[0.99, 1.00)
AMR	MTX1	1.0000	[0.99, 1.00)
AMR	NCF1	1.0000	[0.99, 1.00)
AMR	NOMO1_refcn6	0.9811	[0.98, 0.99)
AMR	NOX4	1.0000	[0.99, 1.00)
AMR	OCLN	0.9969	[0.99, 1.00)
AMR	ORM1	0.9771	[0.95, 0.98)
AMR	OTOA	0.9937	[0.99, 1.00)
AMR	PDPK1	0.9917	[0.99, 1.00)
AMR	PDPR	0.9958	[0.99, 1.00)
AMR	PDZK1	1.0000	[0.99, 1.00)
AMR	PGA3	0.7396	[0.50, 0.80)
AMR	PPIP5K1	0.9775	[0.95, 0.98)
AMR	PRB1	0.9707	[0.95, 0.98)
AMR	RABL2A	1.0000	[0.99, 1.00)
AMR	RHCE	0.9956	[0.99, 1.00)
AMR	ROPN1	1.0000	[0.99, 1.00)
AMR	RRP7A	0.9966	[0.99, 1.00)
AMR	RSPH10B	0.9998	[0.99, 1.00)
AMR	SAA1	1.0000	[0.99, 1.00)
AMR	SERF1A	0.9899	[0.98, 0.99)
AMR	SERHL2	0.9938	[0.99, 1.00)
AMR	SERPINB3	0.5972	[0.50, 0.80)
AMR	SMN1	0.9933	[0.99, 1.00)
AMR	SMPD4	0.9969	[0.99, 1.00)
AMR	SPAG11A	0.9869	[0.98, 0.99)
AMR	STRC	0.9938	[0.99, 1.00)
AMR	SUZ12	0.9965	[0.99, 1.00)
AMR	TBC1D26	1.0000	[0.99, 1.00)
AMR	TCP10L2	1.0000	[0.99, 1.00)
AMR	THOC3	1.0000	[0.99, 1.00)
AMR	TIMM23	1.0000	[0.99, 1.00)
AMR	TRIM16	1.0000	[0.99, 1.00)
AMR	TRIM49	0.9967	[0.99, 1.00)
AMR	TRIM74	1.0000	[0.99, 1.00)
AMR	TUBA3D	1.0000	[0.99, 1.00)
AMR	TVP23B	0.9995	[0.99, 1.00)
AMR	UGT2B15	1.0000	[0.99, 1.00)
AMR	XCL1	1.0000	[0.99, 1.00)
AMR	ZNF443	1.0000	[0.99, 1.00)
AMR	ZNF658	1.0000	[0.99, 1.00)
AMR	ZNF773	1.0000	[0.99, 1.00)
EAS	ABCC6_refcn4	0.9936	[0.99, 1.00)
EAS	ACOT1	0.8293	[0.80, 0.90)
EAS	ACSM2A	0.9998	[0.99, 1.00)
EAS	ACSM5	1.0000	[0.99, 1.00)
EAS	ACTR3B	0.9976	[0.99, 1.00)
EAS	AKR1B10	1.0000	[0.99, 1.00)
EAS	AKR1C1	1.0000	[0.99, 1.00)
EAS	AKR7A3	1.0000	[0.99, 1.00)
EAS	ALPP	0.8961	[0.80, 0.90)
EAS	ANXA8_refcn4	0.9979	[0.99, 1.00)
EAS	AQP12A	0.9948	[0.99, 1.00)
EAS	ATAD3A_refcn4	0.9781	[0.95, 0.98)
EAS	BMP8A	1.0000	[0.99, 1.00)
EAS	C1QTNF9	1.0000	[0.99, 1.00)
EAS	C4A	0.9830	[0.98, 0.99)
EAS	CATSPER2	0.9975	[0.99, 1.00)
EAS	CCDC74A	0.9958	[0.99, 1.00)
EAS	CD8B	1.0000	[0.99, 1.00)
EAS	CDK11A	0.9972	[0.99, 1.00)
EAS	CDRT1	1.0000	[0.99, 1.00)
EAS	CEL	0.9905	[0.99, 1.00)
EAS	CELA3A	1.0000	[0.99, 1.00)
EAS	CEP170_refcn4	1.0000	[0.99, 1.00)
EAS	CFC1	1.0000	[0.99, 1.00)
EAS	CHRNA7	1.0000	[0.99, 1.00)
EAS	CKMT1A	1.0000	[0.99, 1.00)
EAS	CLEC18A	0.7734	[0.50, 0.80)
EAS	CSH1_refcn4	1.0000	[0.99, 1.00)
EAS	CSH1_refcn6	0.6893	[0.50, 0.80)
EAS	CTRB1	0.9832	[0.98, 0.99)
EAS	CYP11B1	1.0000	[0.99, 1.00)
EAS	CYP21A2	0.9543	[0.95, 0.98)
EAS	CYP2D6	0.0397	[0.00, 0.50)
EAS	CYP2F1	1.0000	[0.99, 1.00)
EAS	CYP4A11	1.0000	[0.99, 1.00)
EAS	CYP4Z1	0.9977	[0.99, 1.00)
EAS	DDX11_refcn6	0.9994	[0.99, 1.00)
EAS	DEFB103A	1.0000	[0.99, 1.00)
EAS	DEFB104A	0.9976	[0.99, 1.00)
EAS	DEFB105A	0.9969	[0.99, 1.00)
EAS	DEFB106A	0.9926	[0.99, 1.00)
EAS	DEFB107A	1.0000	[0.99, 1.00)
EAS	DEFB4A	1.0000	[0.99, 1.00)
EAS	DHX40	1.0000	[0.99, 1.00)
EAS	EIF3C	0.9963	[0.99, 1.00)
EAS	EMB_refcn4	1.0000	[0.99, 1.00)
EAS	FAM185A	1.0000	[0.99, 1.00)
EAS	FBXW10	1.0000	[0.99, 1.00)
EAS	FCGBP	0.9165	[0.90, 0.95)
EAS	FCGR1A	0.9978	[0.99, 1.00)
EAS	FCGR3A	0.9995	[0.99, 1.00)
EAS	FKBP9	0.9986	[0.99, 1.00)
EAS	FOLH1	0.9998	[0.99, 1.00)
EAS	GBA	0.9979	[0.99, 1.00)
EAS	GBP1	1.0000	[0.99, 1.00)
EAS	GPR89A	1.0000	[0.99, 1.00)
EAS	GRAP	0.9889	[0.98, 0.99)
EAS	GSTT2	0.9906	[0.99, 1.00)
EAS	GTF2H2	0.9594	[0.95, 0.98)
EAS	GTF2I	0.9248	[0.90, 0.95)
EAS	HBG1	1.0000	[0.99, 1.00)
EAS	IFNL2	1.0000	[0.99, 1.00)
EAS	KIF27	1.0000	[0.99, 1.00)
EAS	KRT6A	1.0000	[0.99, 1.00)
EAS	KRT81	1.0000	[0.99, 1.00)
EAS	LGALS7	1.0000	[0.99, 1.00)
EAS	LIMS1	0.9979	[0.99, 1.00)
EAS	LYZL1	1.0000	[0.99, 1.00)
EAS	MSTO1	1.0000	[0.99, 1.00)
EAS	MTX1	1.0000	[0.99, 1.00)
EAS	NCF1	0.9925	[0.99, 1.00)
EAS	NOMO1_refcn6	0.9949	[0.99, 1.00)
EAS	NOX4	1.0000	[0.99, 1.00)
EAS	OBP2A	1.0000	[0.99, 1.00)
EAS	OCLN	0.8979	[0.80, 0.90)
EAS	ORM1	0.9891	[0.98, 0.99)
EAS	OTOA	0.9979	[0.99, 1.00)
EAS	PDPK1	0.9981	[0.99, 1.00)
EAS	PDPR	0.9378	[0.90, 0.95)
EAS	PDZK1	1.0000	[0.99, 1.00)
EAS	PPIP5K1	0.9992	[0.99, 1.00)
EAS	PRB1	0.9499	[0.90, 0.95)
EAS	RABL2A	1.0000	[0.99, 1.00)
EAS	RHCE	0.9973	[0.99, 1.00)
EAS	ROPN1	1.0000	[0.99, 1.00)
EAS	RRP7A	0.9887	[0.98, 0.99)
EAS	RSPH10B	1.0000	[0.99, 1.00)
EAS	SAA1	1.0000	[0.99, 1.00)
EAS	SERF1A	0.9769	[0.95, 0.98)
EAS	SERHL2	1.0000	[0.99, 1.00)
EAS	SERPINB3	0.6025	[0.50, 0.80)
EAS	SMN1	1.0000	[0.99, 1.00)
EAS	SMPD4	0.9998	[0.99, 1.00)
EAS	SPAG11A	0.9626	[0.95, 0.98)
EAS	STRC	0.9989	[0.99, 1.00)
EAS	SUZ12	1.0000	[0.99, 1.00)
EAS	TCP10L2	1.0000	[0.99, 1.00)
EAS	THOC3	1.0000	[0.99, 1.00)
EAS	TIMM23	1.0000	[0.99, 1.00)
EAS	TRIM16	1.0000	[0.99, 1.00)
EAS	TRIM49	0.9890	[0.98, 0.99)
EAS	TRIM74	1.0000	[0.99, 1.00)
EAS	TUBA3D	0.9962	[0.99, 1.00)
EAS	TVP23B	1.0000	[0.99, 1.00)
EAS	UGT2B15	0.7136	[0.50, 0.80)
EAS	XCL1	1.0000	[0.99, 1.00)
EAS	ZNF443	1.0000	[0.99, 1.00)
EAS	ZNF658	0.9783	[0.95, 0.98)
EAS	ZNF773	0.9989	[0.99, 1.00)
EUR	ABCC6_refcn4	0.9979	[0.99, 1.00)
EUR	ACOT1	0.9979	[0.99, 1.00)
EUR	ACSM2A	1.0000	[0.99, 1.00)
EUR	ACSM5	0.9955	[0.99, 1.00)
EUR	ACTR3B	0.9992	[0.99, 1.00)
EUR	AKR1B10	1.0000	[0.99, 1.00)
EUR	AKR1C1	1.0000	[0.99, 1.00)
EUR	AKR7A3	1.0000	[0.99, 1.00)
EUR	ALPP	0.8954	[0.80, 0.90)
EUR	ANXA8_refcn4	0.9938	[0.99, 1.00)
EUR	AQP12A	1.0000	[0.99, 1.00)
EUR	ATAD3A_refcn4	0.9908	[0.99, 1.00)
EUR	BMP8A	1.0000	[0.99, 1.00)
EUR	C1QTNF9	1.0000	[0.99, 1.00)
EUR	C4A	0.9680	[0.95, 0.98)
EUR	CATSPER2	0.9890	[0.98, 0.99)
EUR	CCDC74A	1.0000	[0.99, 1.00)
EUR	CD8B	1.0000	[0.99, 1.00)
EUR	CDK11A	0.9936	[0.99, 1.00)
EUR	CDRT1	0.9983	[0.99, 1.00)
EUR	CEL	0.9871	[0.98, 0.99)
EUR	CELA3A	1.0000	[0.99, 1.00)
EUR	CEP170_refcn4	1.0000	[0.99, 1.00)
EUR	CFC1	0.9992	[0.99, 1.00)
EUR	CHRNA7	1.0000	[0.99, 1.00)
EUR	CKMT1A	0.9875	[0.98, 0.99)
EUR	CSH1_refcn4	1.0000	[0.99, 1.00)
EUR	CSH1_refcn6	0.7404	[0.50, 0.80)
EUR	CTRB1	0.9849	[0.98, 0.99)
EUR	CYP11B1	1.0000	[0.99, 1.00)
EUR	CYP21A2	0.9705	[0.95, 0.98)
EUR	CYP2D6	0.9819	[0.98, 0.99)
EUR	CYP2F1	0.9993	[0.99, 1.00)
EUR	CYP4A11	1.0000	[0.99, 1.00)
EUR	CYP4Z1	1.0000	[0.99, 1.00)
EUR	DDX11_refcn6	0.9983	[0.99, 1.00)
EUR	DEFB103A	1.0000	[0.99, 1.00)
EUR	DEFB104A	0.9929	[0.99, 1.00)
EUR	DEFB105A	0.9948	[0.99, 1.00)
EUR	DEFB106A	1.0000	[0.99, 1.00)
EUR	DEFB107A	0.9463	[0.90, 0.95)
EUR	DEFB4A	0.9829	[0.98, 0.99)
EUR	DHX40	1.0000	[0.99, 1.00)
EUR	EIF3C	0.9997	[0.99, 1.00)
EUR	EMB_refcn4	1.0000	[0.99, 1.00)
EUR	FAM185A	1.0000	[0.99, 1.00)
EUR	FBXW10	0.9981	[0.99, 1.00)
EUR	FCGBP	0.9430	[0.90, 0.95)
EUR	FCGR1A	0.9895	[0.98, 0.99)
EUR	FCGR3A	0.9971	[0.99, 1.00)
EUR	FKBP9	1.0000	[0.99, 1.00)
EUR	FOLH1	0.9987	[0.99, 1.00)
EUR	GBA	1.0000	[0.99, 1.00)
EUR	GBP1	1.0000	[0.99, 1.00)
EUR	GPR89A	1.0000	[0.99, 1.00)
EUR	GRAP	1.0000	[0.99, 1.00)
EUR	GSTT2	0.9795	[0.95, 0.98)
EUR	GTF2H2	0.9395	[0.90, 0.95)
EUR	GTF2I	0.8382	[0.80, 0.90)
EUR	HBG1	0.9977	[0.99, 1.00)
EUR	IFNL2	1.0000	[0.99, 1.00)
EUR	KIF27	0.9998	[0.99, 1.00)
EUR	KRT6A	1.0000	[0.99, 1.00)
EUR	KRT81	1.0000	[0.99, 1.00)
EUR	LIMS1	0.9916	[0.99, 1.00)
EUR	LYZL1	1.0000	[0.99, 1.00)
EUR	MSTO1	1.0000	[0.99, 1.00)
EUR	MTX1	1.0000	[0.99, 1.00)
EUR	NCF1	0.9836	[0.98, 0.99)
EUR	NOMO1_refcn6	0.9885	[0.98, 0.99)
EUR	NOX4	1.0000	[0.99, 1.00)
EUR	OBP2A	1.0000	[0.99, 1.00)
EUR	OCLN	1.0000	[0.99, 1.00)
EUR	ORM1	0.7200	[0.50, 0.80)
EUR	OTOA	0.9979	[0.99, 1.00)
EUR	PDPK1	0.9939	[0.99, 1.00)
EUR	PDPR	0.9778	[0.95, 0.98)
EUR	PDZK1	1.0000	[0.99, 1.00)
EUR	PGA3	0.7758	[0.50, 0.80)
EUR	PPIP5K1	0.9880	[0.98, 0.99)
EUR	PRB1	0.9694	[0.95, 0.98)
EUR	RABL2A	0.9979	[0.99, 1.00)
EUR	RHCE	0.9546	[0.95, 0.98)
EUR	ROPN1	1.0000	[0.99, 1.00)
EUR	RRP7A	0.9953	[0.99, 1.00)
EUR	RSPH10B	0.9994	[0.99, 1.00)
EUR	SAA1	1.0000	[0.99, 1.00)
EUR	SERF1A	0.9949	[0.99, 1.00)
EUR	SERHL2	1.0000	[0.99, 1.00)
EUR	SERPINB3	0.6030	[0.50, 0.80)
EUR	SMN1	0.9956	[0.99, 1.00)
EUR	SMPD4	1.0000	[0.99, 1.00)
EUR	SPAG11A	0.9864	[0.98, 0.99)
EUR	STRC	0.9889	[0.98, 0.99)
EUR	SUZ12	1.0000	[0.99, 1.00)
EUR	TCP10L2	1.0000	[0.99, 1.00)
EUR	THOC3	0.9979	[0.99, 1.00)
EUR	TIMM23	0.9984	[0.99, 1.00)
EUR	TRIM16	0.9980	[0.99, 1.00)
EUR	TRIM49	0.9931	[0.99, 1.00)
EUR	TRIM74	1.0000	[0.99, 1.00)
EUR	TUBA3D	0.9979	[0.99, 1.00)
EUR	TVP23B	0.9996	[0.99, 1.00)
EUR	UGT2B15	0.9958	[0.99, 1.00)
EUR	XCL1	1.0000	[0.99, 1.00)
EUR	ZNF443	1.0000	[0.99, 1.00)
EUR	ZNF658	0.9979	[0.99, 1.00)
EUR	ZNF773	0.9978	[0.99, 1.00)
SAS	ABCC6_refcn4	1.0000	[0.99, 1.00)
SAS	ACOT1	1.0000	[0.99, 1.00)
SAS	ACSM2A	0.9998	[0.99, 1.00)
SAS	ACSM5	0.9989	[0.99, 1.00)
SAS	ACTR3B	0.9997	[0.99, 1.00)
SAS	AKR1B10	1.0000	[0.99, 1.00)
SAS	AKR1C1	1.0000	[0.99, 1.00)
SAS	AKR7A3	1.0000	[0.99, 1.00)
SAS	ALPP	0.8671	[0.80, 0.90)
SAS	ANXA8_refcn4	0.9979	[0.99, 1.00)
SAS	AQP12A	1.0000	[0.99, 1.00)
SAS	ATAD3A_refcn4	0.9934	[0.99, 1.00)
SAS	BMP8A	1.0000	[0.99, 1.00)
SAS	C1QTNF9	1.0000	[0.99, 1.00)
SAS	C4A	0.9462	[0.90, 0.95)
SAS	CATSPER2	0.9967	[0.99, 1.00)
SAS	CCDC74A	0.9979	[0.99, 1.00)
SAS	CD177	1.0000	[0.99, 1.00)
SAS	CD8B	0.9996	[0.99, 1.00)
SAS	CDK11A	1.0000	[0.99, 1.00)
SAS	CDRT1	0.9998	[0.99, 1.00)
SAS	CEL	1.0000	[0.99, 1.00)
SAS	CELA3A	0.9982	[0.99, 1.00)
SAS	CEP170_refcn4	1.0000	[0.99, 1.00)
SAS	CFC1	1.0000	[0.99, 1.00)
SAS	CHRNA7	1.0000	[0.99, 1.00)
SAS	CKMT1A	0.9979	[0.99, 1.00)
SAS	CSH1_refcn4	0.9975	[0.99, 1.00)
SAS	CSH1_refcn6	0.6854	[0.50, 0.80)
SAS	CTRB1	0.9972	[0.99, 1.00)
SAS	CYP11B1	1.0000	[0.99, 1.00)
SAS	CYP21A2	0.7808	[0.50, 0.80)
SAS	CYP2D6	0.9956	[0.99, 1.00)
SAS	CYP2F1	0.9986	[0.99, 1.00)
SAS	CYP4A11	1.0000	[0.99, 1.00)
SAS	CYP4Z1	1.0000	[0.99, 1.00)
SAS	DDX11_refcn6	0.9915	[0.99, 1.00)
SAS	DEFB103A	1.0000	[0.99, 1.00)
SAS	DEFB104A	0.9907	[0.99, 1.00)
SAS	DEFB105A	0.9940	[0.99, 1.00)
SAS	DEFB106A	0.9951	[0.99, 1.00)
SAS	DEFB107A	0.9880	[0.98, 0.99)
SAS	DEFB4A	0.9912	[0.99, 1.00)
SAS	DHX40	1.0000	[0.99, 1.00)
SAS	EIF3C	1.0000	[0.99, 1.00)
SAS	EMB_refcn4	1.0000	[0.99, 1.00)
SAS	FAM185A	0.9994	[0.99, 1.00)
SAS	FBXW10	0.9998	[0.99, 1.00)
SAS	FCGBP	0.8419	[0.80, 0.90)
SAS	FCGR1A	1.0000	[0.99, 1.00)
SAS	FCGR3A	1.0000	[0.99, 1.00)
SAS	FKBP9	1.0000	[0.99, 1.00)
SAS	FOLH1	0.9991	[0.99, 1.00)
SAS	GBA	0.9978	[0.99, 1.00)
SAS	GBP1	1.0000	[0.99, 1.00)
SAS	GPR89A	1.0000	[0.99, 1.00)
SAS	GRAP	0.9888	[0.98, 0.99)
SAS	GSTT2	1.0000	[0.99, 1.00)
SAS	GTF2H2	0.9805	[0.98, 0.99)
SAS	GTF2I	0.5353	[0.50, 0.80)
SAS	HBG1	0.9955	[0.99, 1.00)
SAS	IFNL2	1.0000	[0.99, 1.00)
SAS	KIF27	1.0000	[0.99, 1.00)
SAS	KRT6A	1.0000	[0.99, 1.00)
SAS	KRT81	1.0000	[0.99, 1.00)
SAS	LGALS7	1.0000	[0.99, 1.00)
SAS	LIMS1	0.9979	[0.99, 1.00)
SAS	LYZL1	1.0000	[0.99, 1.00)
SAS	MSTO1	1.0000	[0.99, 1.00)
SAS	MTX1	0.9979	[0.99, 1.00)
SAS	NCF1	0.9935	[0.99, 1.00)
SAS	NOMO1_refcn6	0.9997	[0.99, 1.00)
SAS	NOX4	1.0000	[0.99, 1.00)
SAS	OBP2A	1.0000	[0.99, 1.00)
SAS	OCLN	1.0000	[0.99, 1.00)
SAS	ORM1	0.9933	[0.99, 1.00)
SAS	OTOA	1.0000	[0.99, 1.00)
SAS	PDPK1	1.0000	[0.99, 1.00)
SAS	PDPR	1.0000	[0.99, 1.00)
SAS	PDZK1	1.0000	[0.99, 1.00)
SAS	PGA3	0.8161	[0.80, 0.90)
SAS	PPIP5K1	0.9960	[0.99, 1.00)
SAS	PRB1	0.9819	[0.98, 0.99)
SAS	PVRIG	1.0000	[0.99, 1.00)
SAS	RABL2A	1.0000	[0.99, 1.00)
SAS	RHCE	0.9998	[0.99, 1.00)
SAS	ROPN1	1.0000	[0.99, 1.00)
SAS	RRP7A	0.9992	[0.99, 1.00)
SAS	RSPH10B	0.9996	[0.99, 1.00)
SAS	SAA1	1.0000	[0.99, 1.00)
SAS	SERF1A	1.0000	[0.99, 1.00)
SAS	SERHL2	1.0000	[0.99, 1.00)
SAS	SERPINB3	0.6014	[0.50, 0.80)
SAS	SMN1	0.9993	[0.99, 1.00)
SAS	SMPD4	1.0000	[0.99, 1.00)
SAS	SPAG11A	1.0000	[0.99, 1.00)
SAS	STRC	0.9979	[0.99, 1.00)
SAS	SUZ12	1.0000	[0.99, 1.00)
SAS	TBC1D26	1.0000	[0.99, 1.00)
SAS	TCP10L2	1.0000	[0.99, 1.00)
SAS	THOC3	1.0000	[0.99, 1.00)
SAS	TIMM23	1.0000	[0.99, 1.00)
SAS	TRIM16	1.0000	[0.99, 1.00)
SAS	TRIM49	0.9978	[0.99, 1.00)
SAS	TRIM74	1.0000	[0.99, 1.00)
SAS	TUBA3D	0.9975	[0.99, 1.00)
SAS	TVP23B	1.0000	[0.99, 1.00)
SAS	UGT2B15	1.0000	[0.99, 1.00)
SAS	XCL1	1.0000	[0.99, 1.00)
SAS	ZNF443	1.0000	[0.99, 1.00)
SAS	ZNF658	1.0000	[0.99, 1.00)
SAS	ZNF773	0.9837	[0.98, 0.99)
