locus	name	frac_CN	True CN
FCGR3A	NA12749	2.09	2
FCGR3A	HG00324	2.16	2
FCGR3A	HG00382	2.18	2
FCGR3A	NA12827	2.76	3
FCGR3A	NA20757	2.94	3
FCGR3A	HG00237	3.01	3
FCGR3A	HG02239	3.01	3
FCGR3A	HG00256	3.02	3
FCGR3A	HG00254	3.04	3
FCGR3A	NA20585	3.04	3
FCGR3A	HG00154	3.05	3
FCGR3A	HG01765	3.06	3
FCGR3A	HG00259	3.07	3
FCGR3A	HG00282	3.12	3
FCGR3A	HG00353	3.12	3
FCGR3A	HG02215	3.14	3
FCGR3A	HG00137	3.21	3
FCGR3A	NA20764	3.21	3
FCGR3A	HG01531	3.22	3
FCGR3A	HG00331	3.29	3
FCGR3A	HG01695	3.30	3
FCGR3A	HG00378	3.75	4
FCGR3A	HG01680	3.77	4
FCGR3A	NA12776	3.82	4
FCGR3A	HG00253	3.82	4
FCGR3A	HG00109	3.82	4
FCGR3A	HG01766	3.85	4
FCGR3A	HG00288	3.86	4
FCGR3A	NA20758	3.86	4
FCGR3A	HG00276	3.86	4
FCGR3A	HG00334	3.86	4
FCGR3A	HG01509	3.87	4
FCGR3A	HG00246	3.87	4
FCGR3A	HG00236	3.88	4
FCGR3A	HG01676	3.88	4
FCGR3A	HG00252	3.88	4
FCGR3A	HG01334	3.89	4
FCGR3A	HG00383	3.89	4
FCGR3A	HG02238	3.89	4
FCGR3A	HG00174	3.89	4
FCGR3A	NA20754	3.89	4
FCGR3A	HG00261	3.90	4
FCGR3A	HG01684	3.90	4
FCGR3A	HG00344	3.91	4
FCGR3A	NA12546	3.91	4
FCGR3A	HG00108	3.91	4
FCGR3A	HG00251	3.91	4
FCGR3A	HG00290	3.91	4
FCGR3A	HG00113	3.92	4
FCGR3A	NA11932	3.92	4
FCGR3A	HG00345	3.92	4
FCGR3A	NA20761	3.92	4
FCGR3A	NA20821	3.93	4
FCGR3A	HG00263	3.93	4
FCGR3A	HG00346	3.93	4
FCGR3A	HG00284	3.93	4
FCGR3A	HG00342	3.93	4
FCGR3A	NA12348	3.93	4
FCGR3A	HG00332	3.94	4
FCGR3A	HG01675	3.94	4
FCGR3A	HG00274	3.95	4
FCGR3A	HG00335	3.95	4
FCGR3A	HG01767	3.96	4
FCGR3A	HG00260	3.96	4
FCGR3A	HG00257	3.96	4
FCGR3A	HG01527	3.96	4
FCGR3A	HG01700	3.97	4
FCGR3A	NA20765	3.97	4
FCGR3A	HG01679	3.97	4
FCGR3A	HG01537	3.97	4
FCGR3A	HG00250	3.97	4
FCGR3A	NA12775	3.98	4
FCGR3A	HG00343	3.98	4
FCGR3A	NA11892	3.98	4
FCGR3A	HG00328	3.98	4
FCGR3A	NA20760	3.98	4
FCGR3A	HG00376	3.98	4
FCGR3A	HG01791	3.98	4
FCGR3A	HG00125	3.98	4
FCGR3A	HG01768	3.98	4
FCGR3A	NA11893	3.99	4
FCGR3A	HG00341	3.99	4
FCGR3A	HG00339	3.99	4
FCGR3A	HG02232	3.99	4
FCGR3A	NA11931	3.99	4
FCGR3A	NA12413	3.99	4
FCGR3A	NA12287	4.00	4
FCGR3A	HG01524	4.00	4
FCGR3A	HG00111	4.00	4
FCGR3A	HG00110	4.00	4
FCGR3A	HG00325	4.00	4
FCGR3A	HG00323	4.00	4
FCGR3A	NA20756	4.00	4
FCGR3A	HG01632	4.01	4
FCGR3A	HG00315	4.01	4
FCGR3A	HG00381	4.01	4
FCGR3A	HG01673	4.01	4
FCGR3A	HG02233	4.02	4
FCGR3A	HG00327	4.02	4
FCGR3A	HG00375	4.02	4
FCGR3A	HG01631	4.02	4
FCGR3A	HG00273	4.02	4
FCGR3A	HG00318	4.02	4
FCGR3A	HG00139	4.02	4
FCGR3A	HG00121	4.02	4
FCGR3A	HG00138	4.03	4
FCGR3A	HG00310	4.03	4
FCGR3A	HG00171	4.03	4
FCGR3A	HG01513	4.04	4
FCGR3A	HG00326	4.04	4
FCGR3A	NA07037	4.05	4
FCGR3A	NA20753	4.05	4
FCGR3A	HG01685	4.05	4
FCGR3A	HG00281	4.06	4
FCGR3A	NA20544	4.06	4
FCGR3A	NA11894	4.06	4
FCGR3A	HG00309	4.07	4
FCGR3A	HG01686	4.07	4
FCGR3A	HG00275	4.07	4
FCGR3A	HG00330	4.07	4
FCGR3A	HG01694	4.08	4
FCGR3A	NA20589	4.08	4
FCGR3A	HG00285	4.09	4
FCGR3A	HG00271	4.09	4
FCGR3A	HG01536	4.09	4
FCGR3A	HG01530	4.09	4
FCGR3A	NA20586	4.09	4
FCGR3A	NA20752	4.09	4
FCGR3A	NA20588	4.09	4
FCGR3A	NA20767	4.10	4
FCGR3A	NA20543	4.11	4
FCGR3A	HG00277	4.11	4
FCGR3A	HG00313	4.12	4
FCGR3A	HG01678	4.12	4
FCGR3A	HG00336	4.12	4
FCGR3A	NA12892	4.13	4
FCGR3A	NA20755	4.14	4
FCGR3A	HG00319	4.14	4
FCGR3A	HG00232	4.15	4
FCGR3A	NA12383	4.15	4
FCGR3A	NA20511	4.15	4
FCGR3A	NA20762	4.16	4
FCGR3A	HG00320	4.16	4
FCGR3A	HG01512	4.17	4
FCGR3A	HG00249	4.17	4
FCGR3A	NA20581	4.18	4
FCGR3A	NA20542	4.18	4
FCGR3A	HG00278	4.19	4
FCGR3A	NA20582	4.24	4
FCGR3A	NA20763	4.24	4
FCGR3A	HG01506	4.69	5
FCGR3A	HG01525	4.78	5
FCGR3A	NA12777	4.80	5
FCGR3A	NA12828	4.82	5
FCGR3A	HG01682	4.83	5
FCGR3A	NA11933	4.83	5
FCGR3A	HG00321	4.83	5
FCGR3A	HG01507	4.89	5
FCGR3A	HG01528	4.90	5
FCGR3A	HG00136	4.92	5
FCGR3A	HG01510	4.93	5
FCGR3A	HG00140	4.96	5
FCGR3A	NA12347	4.97	5
FCGR3A	NA20822	5.00	5
FCGR3A	HG01702	5.01	5
FCGR3A	HG00338	5.05	5
FCGR3A	HG00337	5.11	5
FCGR3A	HG00329	5.11	5
FCGR3A	NA12778	5.39	6
OTOA	HG00383	3.98	4
OTOA	HG00315	4.13	4
OTOA	HG00285	4.85	5
OTOA	HG01537	4.90	5
OTOA	HG00375	4.92	5
OTOA	HG01527	4.92	5
OTOA	HG01680	4.95	5
OTOA	HG01768	4.98	5
OTOA	HG01334	4.98	5
OTOA	HG00338	4.99	5
OTOA	HG00261	4.99	5
OTOA	HG02233	5.01	5
OTOA	HG01682	5.01	5
OTOA	HG00343	5.01	5
OTOA	HG01512	5.01	5
OTOA	NA11894	5.02	5
OTOA	NA20755	5.03	5
OTOA	HG00111	5.03	5
OTOA	NA12777	5.03	5
OTOA	HG01686	5.04	5
OTOA	HG00318	5.04	5
OTOA	NA20511	5.05	5
OTOA	NA20765	5.06	5
OTOA	HG00382	5.07	5
OTOA	HG00274	5.07	5
OTOA	NA12776	5.07	5
OTOA	HG00327	5.07	5
OTOA	HG00320	5.09	5
OTOA	NA20544	5.09	5
OTOA	HG01525	5.11	5
OTOA	HG00346	5.12	5
OTOA	HG00109	5.12	5
OTOA	NA20588	5.14	5
OTOA	NA12749	5.14	5
OTOA	HG00139	5.15	5
OTOA	NA12287	5.16	5
OTOA	HG00324	5.16	5
OTOA	HG02238	5.17	5
OTOA	NA20543	5.20	5
OTOA	HG00342	5.20	5
OTOA	HG00328	5.23	5
OTOA	NA20767	5.33	5
OTOA	NA20762	5.35	5
OTOA	HG00246	5.75	6
OTOA	HG01675	5.80	6
OTOA	HG00273	5.82	6
OTOA	HG00334	5.82	6
OTOA	NA12347	5.83	6
OTOA	HG00336	5.85	6
OTOA	HG02232	5.85	6
OTOA	HG01528	5.85	6
OTOA	HG01694	5.87	6
OTOA	HG01765	5.87	6
OTOA	HG00376	5.88	6
OTOA	NA20581	5.88	6
OTOA	HG01766	5.88	6
OTOA	NA12413	5.89	6
OTOA	HG00251	5.89	6
OTOA	NA20761	5.89	6
OTOA	HG00276	5.89	6
OTOA	HG00288	5.90	6
OTOA	HG01510	5.90	6
OTOA	NA11932	5.90	6
OTOA	HG01767	5.91	6
OTOA	HG00332	5.91	6
OTOA	HG01506	5.92	6
OTOA	HG00313	5.92	6
OTOA	HG00108	5.92	6
OTOA	HG01685	5.92	6
OTOA	HG01791	5.92	6
OTOA	NA12383	5.93	6
OTOA	HG01507	5.93	6
OTOA	NA12778	5.93	6
OTOA	HG00250	5.94	6
OTOA	NA11933	5.94	6
OTOA	HG00257	5.94	6
OTOA	HG00236	5.94	6
OTOA	HG00137	5.94	6
OTOA	HG00325	5.95	6
OTOA	HG00113	5.95	6
OTOA	NA11892	5.95	6
OTOA	HG02215	5.95	6
OTOA	HG00263	5.95	6
OTOA	HG00154	5.95	6
OTOA	HG00260	5.95	6
OTOA	NA12892	5.96	6
OTOA	HG01509	5.96	6
OTOA	HG00378	5.96	6
OTOA	NA20821	5.96	6
OTOA	HG00174	5.97	6
OTOA	HG00309	5.97	6
OTOA	NA12348	5.97	6
OTOA	HG00249	5.97	6
OTOA	NA07037	5.98	6
OTOA	HG01684	5.98	6
OTOA	HG00326	5.98	6
OTOA	HG00344	5.98	6
OTOA	NA11931	5.98	6
OTOA	HG01631	5.98	6
OTOA	HG00136	5.98	6
OTOA	HG01524	5.99	6
OTOA	HG00277	5.99	6
OTOA	HG00284	5.99	6
OTOA	HG00278	5.99	6
OTOA	HG00237	5.99	6
OTOA	NA20758	5.99	6
OTOA	NA11893	5.99	6
OTOA	HG00271	6.00	6
OTOA	HG00345	6.00	6
OTOA	NA12775	6.00	6
OTOA	HG00140	6.00	6
OTOA	HG00256	6.00	6
OTOA	HG00323	6.00	6
OTOA	HG00353	6.01	6
OTOA	HG01632	6.01	6
OTOA	NA12546	6.02	6
OTOA	HG00275	6.02	6
OTOA	HG00330	6.02	6
OTOA	NA20754	6.02	6
OTOA	NA20756	6.02	6
OTOA	NA12827	6.02	6
OTOA	HG01679	6.02	6
OTOA	HG01678	6.02	6
OTOA	NA20582	6.02	6
OTOA	HG00259	6.03	6
OTOA	NA20586	6.03	6
OTOA	HG00381	6.03	6
OTOA	HG00254	6.04	6
OTOA	HG01673	6.04	6
OTOA	HG00331	6.04	6
OTOA	HG00253	6.05	6
OTOA	NA20589	6.05	6
OTOA	HG01702	6.05	6
OTOA	HG00138	6.05	6
OTOA	NA20757	6.05	6
OTOA	HG00341	6.05	6
OTOA	HG00110	6.05	6
OTOA	NA20760	6.06	6
OTOA	HG02239	6.07	6
OTOA	HG00290	6.07	6
OTOA	HG01695	6.07	6
OTOA	HG00282	6.07	6
OTOA	HG00310	6.08	6
OTOA	NA20822	6.08	6
OTOA	NA20753	6.09	6
OTOA	NA20585	6.09	6
OTOA	HG01513	6.09	6
OTOA	HG00281	6.09	6
OTOA	NA20542	6.09	6
OTOA	HG00335	6.09	6
OTOA	HG00232	6.09	6
OTOA	HG00121	6.10	6
OTOA	HG01700	6.10	6
OTOA	HG00125	6.10	6
OTOA	HG00252	6.11	6
OTOA	NA20752	6.12	6
OTOA	HG01676	6.13	6
OTOA	HG00321	6.14	6
OTOA	NA12828	6.15	6
OTOA	HG01536	6.16	6
OTOA	HG00339	6.17	6
OTOA	HG01530	6.18	6
OTOA	HG01531	6.22	6
OTOA	HG00171	6.23	6
OTOA	HG00319	6.24	6
OTOA	NA20763	6.32	6
OTOA	NA20764	6.35	6
OTOA	HG00329	6.86	7
OTOA	HG00337	6.92	7
RHCE	HG01334	1.98	2
RHCE	NA11893	1.98	2
RHCE	HG00339	1.98	2
RHCE	NA20761	1.99	2
RHCE	HG01684	2.00	2
RHCE	HG01676	2.01	2
RHCE	HG00113	2.01	2
RHCE	HG00281	2.03	2
RHCE	NA20765	2.03	2
RHCE	HG00136	2.03	2
RHCE	HG00263	2.04	2
RHCE	HG00253	2.04	2
RHCE	HG00251	2.05	2
RHCE	HG00261	2.05	2
RHCE	HG00321	2.06	2
RHCE	HG01632	2.06	2
RHCE	HG00327	2.09	2
RHCE	HG00323	2.09	2
RHCE	HG02239	2.10	2
RHCE	HG00337	2.11	2
RHCE	HG01631	2.18	2
RHCE	HG01766	2.38	2
RHCE	NA20762	2.58	2
RHCE	NA20764	2.60	2
RHCE	NA20767	2.63	2
RHCE	HG00109	2.85	3
RHCE	NA12828	2.87	3
RHCE	HG00171	2.89	3
RHCE	NA12413	2.91	3
RHCE	NA12827	2.91	3
RHCE	HG00108	2.91	3
RHCE	HG01509	2.91	3
RHCE	HG00332	2.92	3
RHCE	HG00174	2.92	3
RHCE	NA11932	2.93	3
RHCE	NA12775	2.94	3
RHCE	NA07037	2.95	3
RHCE	NA20760	2.95	3
RHCE	NA12546	2.95	3
RHCE	NA11933	2.96	3
RHCE	HG00236	2.96	3
RHCE	HG00137	2.96	3
RHCE	HG01513	2.97	3
RHCE	HG00277	2.97	3
RHCE	NA12776	2.97	3
RHCE	NA12348	2.97	3
RHCE	HG00336	2.98	3
RHCE	HG00334	2.98	3
RHCE	HG00138	2.98	3
RHCE	NA12383	2.98	3
RHCE	HG00275	2.98	3
RHCE	HG01686	2.98	3
RHCE	HG01512	2.99	3
RHCE	HG02215	2.99	3
RHCE	NA20589	2.99	3
RHCE	NA20756	2.99	3
RHCE	NA11931	2.99	3
RHCE	HG00353	3.00	3
RHCE	HG00378	3.00	3
RHCE	HG00382	3.00	3
RHCE	NA12347	3.00	3
RHCE	HG01506	3.00	3
RHCE	NA20543	3.00	3
RHCE	HG00310	3.00	3
RHCE	HG00343	3.01	3
RHCE	NA20755	3.01	3
RHCE	HG01791	3.01	3
RHCE	HG01673	3.02	3
RHCE	HG00254	3.02	3
RHCE	HG00252	3.02	3
RHCE	HG00315	3.02	3
RHCE	HG00342	3.02	3
RHCE	HG00273	3.03	3
RHCE	HG00140	3.03	3
RHCE	NA20754	3.04	3
RHCE	HG00249	3.04	3
RHCE	NA20752	3.04	3
RHCE	HG00285	3.05	3
RHCE	HG01528	3.05	3
RHCE	HG00329	3.05	3
RHCE	HG02238	3.06	3
RHCE	HG00381	3.06	3
RHCE	HG01675	3.06	3
RHCE	HG01678	3.07	3
RHCE	HG00319	3.08	3
RHCE	HG00341	3.08	3
RHCE	HG01679	3.08	3
RHCE	HG00375	3.09	3
RHCE	HG00344	3.09	3
RHCE	HG00335	3.10	3
RHCE	HG00338	3.10	3
RHCE	NA20586	3.11	3
RHCE	HG01537	3.11	3
RHCE	HG00324	3.12	3
RHCE	HG01531	3.12	3
RHCE	HG00274	3.12	3
RHCE	HG00330	3.12	3
RHCE	HG00313	3.14	3
RHCE	HG00278	3.14	3
RHCE	HG01525	3.16	3
RHCE	HG01680	3.17	3
RHCE	HG01702	3.27	3
RHCE	NA20822	3.52	3
RHCE	HG01765	3.60	3
RHCE	HG00290	3.61	3
RHCE	NA20821	3.66	3
RHCE	NA20511	3.71	3
RHCE	HG00288	3.72	3
RHCE	NA12777	3.75	4
RHCE	HG00256	3.80	4
RHCE	HG00110	3.82	4
RHCE	NA12778	3.82	4
RHCE	NA20763	3.83	3
RHCE	HG00282	3.84	4
RHCE	NA11892	3.85	4
RHCE	NA20753	3.88	4
RHCE	NA20585	3.88	4
RHCE	NA12749	3.89	4
RHCE	NA12287	3.89	4
RHCE	NA11894	3.89	4
RHCE	HG00326	3.90	4
RHCE	HG00259	3.91	4
RHCE	HG00271	3.91	4
RHCE	NA20581	3.91	4
RHCE	HG02232	3.91	4
RHCE	NA20582	3.92	4
RHCE	NA20544	3.92	4
RHCE	HG00246	3.93	4
RHCE	HG00237	3.94	4
RHCE	HG01685	3.94	4
RHCE	HG00284	3.94	4
RHCE	HG01510	3.94	4
RHCE	HG00111	3.95	4
RHCE	HG01536	3.95	4
RHCE	NA20757	3.95	4
RHCE	NA20588	3.95	4
RHCE	HG01507	3.96	4
RHCE	HG00257	3.96	4
RHCE	NA12892	3.96	4
RHCE	HG00260	3.97	4
RHCE	NA20542	3.97	4
RHCE	HG00346	3.97	4
RHCE	HG00139	3.98	4
RHCE	HG00345	3.98	4
RHCE	HG00331	3.98	4
RHCE	HG00250	3.98	4
RHCE	HG00121	3.99	4
RHCE	HG00125	3.99	4
RHCE	NA20758	3.99	4
RHCE	HG00309	3.99	4
RHCE	HG01530	4.00	4
RHCE	HG00318	4.00	4
RHCE	HG00232	4.02	4
RHCE	HG00320	4.03	4
RHCE	HG02233	4.03	4
RHCE	HG01694	4.04	4
RHCE	HG00383	4.04	4
RHCE	HG00376	4.05	4
RHCE	HG01524	4.06	4
RHCE	HG00276	4.06	4
RHCE	HG00154	4.07	4
RHCE	HG01695	4.08	4
RHCE	HG00328	4.11	4
RHCE	HG01682	4.12	4
RHCE	HG00325	4.13	4
RHCE	HG01700	4.15	4
RHCE	HG01527	4.21	4
RHCE	HG01768	4.58	4
RHCE	HG01767	4.62	4
SMN1	NA20756	1.98	2
SMN1	NA20760	2.00	2
SMN1	HG00343	2.02	2
SMN1	NA11932	2.03	2
SMN1	HG01536	2.07	2
SMN1	HG00108	2.09	2
SMN1	NA12827	2.09	2
SMN1	HG00259	2.10	2
SMN1	HG00313	2.84	3
SMN1	HG01506	2.89	3
SMN1	HG00326	2.91	3
SMN1	HG00310	2.91	3
SMN1	HG01679	2.92	3
SMN1	HG01527	2.93	3
SMN1	HG00321	2.93	3
SMN1	HG01673	2.94	3
SMN1	HG02238	2.95	3
SMN1	HG01676	2.95	3
SMN1	HG00154	2.96	3
SMN1	NA20586	2.96	3
SMN1	HG00320	2.96	3
SMN1	NA20542	2.97	3
SMN1	HG00277	2.98	3
SMN1	HG00342	2.99	3
SMN1	NA20822	2.99	3
SMN1	HG00250	2.99	3
SMN1	NA20581	3.00	3
SMN1	HG00319	3.01	3
SMN1	HG00324	3.01	3
SMN1	NA11893	3.01	3
SMN1	NA12348	3.01	3
SMN1	NA11931	3.01	3
SMN1	HG01524	3.02	3
SMN1	HG01675	3.03	3
SMN1	HG01510	3.04	3
SMN1	HG00378	3.04	3
SMN1	HG01686	3.04	3
SMN1	HG00282	3.05	3
SMN1	NA11894	3.05	3
SMN1	HG01525	3.05	3
SMN1	NA20757	3.06	3
SMN1	HG00254	3.06	3
SMN1	HG00252	3.06	3
SMN1	HG00271	3.07	3
SMN1	NA12383	3.09	3
SMN1	NA12347	3.10	3
SMN1	NA12777	3.15	3
SMN1	NA12775	3.19	3
SMN1	HG00290	3.19	3
SMN1	HG00110	3.19	3
SMN1	NA20511	3.20	3
SMN1	NA20764	3.23	3
SMN1	HG00171	3.24	3
SMN1	NA20767	3.48	4
SMN1	HG00278	3.55	4
SMN1	HG00328	3.71	4
SMN1	HG01767	3.72	4
SMN1	HG00113	3.73	4
SMN1	HG01766	3.76	4
SMN1	HG00125	3.76	4
SMN1	HG01334	3.77	4
SMN1	HG01507	3.77	4
SMN1	HG00327	3.80	4
SMN1	HG00260	3.81	4
SMN1	HG00138	3.82	4
SMN1	HG00256	3.83	4
SMN1	NA07037	3.85	4
SMN1	HG01528	3.85	4
SMN1	HG00236	3.85	4
SMN1	HG00376	3.86	4
SMN1	HG00381	3.86	4
SMN1	HG00251	3.87	4
SMN1	HG00323	3.87	4
SMN1	HG00309	3.87	4
SMN1	HG00249	3.88	4
SMN1	NA20754	3.89	4
SMN1	HG01695	3.89	4
SMN1	HG00275	3.89	4
SMN1	HG00383	3.89	4
SMN1	HG00137	3.89	4
SMN1	HG00337	3.89	4
SMN1	HG00121	3.90	4
SMN1	HG00336	3.90	4
SMN1	NA20821	3.90	4
SMN1	HG01680	3.90	4
SMN1	HG00344	3.90	4
SMN1	HG00330	3.91	4
SMN1	HG00261	3.91	4
SMN1	HG02215	3.91	4
SMN1	HG01765	3.91	4
SMN1	NA20753	3.91	4
SMN1	HG00346	3.92	4
SMN1	HG01512	3.92	4
SMN1	HG00274	3.92	4
SMN1	HG00345	3.92	4
SMN1	HG00253	3.93	4
SMN1	HG00338	3.93	4
SMN1	HG00281	3.93	4
SMN1	NA20589	3.93	4
SMN1	HG01694	3.93	4
SMN1	HG00257	3.94	4
SMN1	HG00339	3.94	4
SMN1	HG00285	3.94	4
SMN1	NA20758	3.95	4
SMN1	NA20543	3.95	4
SMN1	NA20544	3.96	4
SMN1	HG00335	3.96	4
SMN1	HG00375	3.96	4
SMN1	HG00276	3.96	4
SMN1	HG00334	3.96	4
SMN1	HG00353	3.96	4
SMN1	HG00325	3.96	4
SMN1	HG00232	3.97	4
SMN1	HG00139	3.97	4
SMN1	HG00237	3.97	4
SMN1	HG01678	3.98	4
SMN1	NA12749	3.98	4
SMN1	HG00140	4.00	4
SMN1	HG00273	4.01	4
SMN1	HG01700	4.01	4
SMN1	NA12546	4.02	4
SMN1	HG01685	4.02	4
SMN1	HG01513	4.02	4
SMN1	HG00382	4.02	4
SMN1	HG00246	4.02	4
SMN1	HG00284	4.03	4
SMN1	NA12413	4.03	4
SMN1	HG00315	4.04	4
SMN1	HG00341	4.05	4
SMN1	HG01791	4.06	4
SMN1	HG00263	4.07	4
SMN1	HG01537	4.07	4
SMN1	NA20585	4.07	4
SMN1	NA20765	4.07	4
SMN1	NA20761	4.08	4
SMN1	NA11933	4.08	4
SMN1	HG00288	4.09	4
SMN1	HG01632	4.09	4
SMN1	NA11892	4.09	4
SMN1	HG02239	4.09	4
SMN1	HG00136	4.09	4
SMN1	HG02233	4.09	4
SMN1	HG01682	4.09	4
SMN1	HG01509	4.10	4
SMN1	NA12287	4.12	4
SMN1	HG01768	4.12	4
SMN1	HG01702	4.12	4
SMN1	HG02232	4.13	4
SMN1	NA20762	4.13	4
SMN1	HG01531	4.13	4
SMN1	NA20588	4.14	4
SMN1	HG00331	4.15	4
SMN1	NA12828	4.16	4
SMN1	HG00332	4.17	4
SMN1	HG00174	4.20	4
SMN1	HG01530	4.24	4
SMN1	NA20763	4.26	4
SMN1	NA12776	4.27	4
SMN1	HG00329	4.81	5
SMN1	HG01631	4.83	5
SMN1	HG00111	4.91	5
SMN1	NA20752	4.93	5
SMN1	NA20582	4.93	5
SMN1	NA20755	4.95	5
SMN1	HG00318	4.97	5
SMN1	HG01684	5.01	5
SMN1	NA12892	5.01	5
SMN1	NA12778	5.19	5
SMN1	HG00109	5.27	5
