gene	name	refcn	exp	ps_exomedepth
APOBEC3A	NA06985	4	3,3,3	3,3,3
APOBEC3A	NA06994	4	4,4,4	4,4,4
APOBEC3A	NA07000	4	4,4,4	4,4,4
APOBEC3A	NA07048	4	4,4,4	4,4,4
APOBEC3A	NA07056	4	4,4,4	4,4,4
APOBEC3A	NA07357	4	4,4,4	4,4,4
APOBEC3A	NA10847	4	3,3,3	4,4,4
APOBEC3A	NA10851	4	4,4,4	4,4,4
APOBEC3A	NA11829	4	4,4,4	4,4,4
APOBEC3A	NA11830	4	4,4,4	4,4,4
APOBEC3A	NA11831	4	4,4,4	4,4,4
APOBEC3A	NA11832	4	4,4,4	4,4,4
APOBEC3A	NA11840	4	4,4,4	4,4,4
APOBEC3A	NA11881	4	4,4,4	4,4,4
APOBEC3A	NA11992	4	4,4,4	4,4,4
APOBEC3A	NA11993	4	4,4,4	4,4,4
APOBEC3A	NA11994	4	4,4,4	4,4,4
APOBEC3A	NA11995	4	4,4,4	4,4,4
APOBEC3A	NA12004	4	4,4,4	4,4,4
APOBEC3A	NA12005	4	4,4,4	4,4,4
APOBEC3A	NA12006	4	3,3,3	3,3,3
APOBEC3A	NA12043	4	4,4,4	4,4,4
APOBEC3A	NA12044	4	4,4,4	4,4,4
APOBEC3A	NA12144	4	4,4,4	4,4,4
APOBEC3A	NA12154	4	3,3,3	3,3,3
APOBEC3A	NA12155	4	4,4,4	4,4,4
APOBEC3A	NA12156	4	4,4,4	4,4,4
APOBEC3A	NA12234	4	4,4,4	4,4,4
APOBEC3A	NA12249	4	4,4,4	4,4,4
APOBEC3A	NA12716	4	4,4,4	4,4,4
APOBEC3A	NA12717	4	3,3,3	3,3,3
APOBEC3A	NA12750	4	4,4,4	4,4,4
APOBEC3A	NA12751	4	4,4,4	4,4,4
APOBEC3A	NA12760	4	4,4,4	4,4,4
APOBEC3A	NA12762	4	4,4,4	4,4,4
APOBEC3A	NA12763	4	3,3,3	3,3,3
APOBEC3A	NA12812	4	4,4,4	4,4,4
APOBEC3A	NA12813	4	3,3,3	3,3,3
APOBEC3A	NA12814	4	4,4,4	4,4,4
APOBEC3A	NA12815	4	4,4,4	4,4,4
APOBEC3A	NA12872	4	4,4,4	4,4,4
APOBEC3A	NA12873	4	3,3,3	3,3,3
APOBEC3A	NA12874	4	4,4,4	4,4,4
APOBEC3A	NA12891	4	4,4,4	4,4,4
APOBEC3A	NA12892	4	4,4,4	4,4,4
APOBEC3A	NA18501	4	4,4,4	4,4,4
APOBEC3A	NA18504	4	4,4,4	4,4,4
APOBEC3A	NA18505	4	4,4,4	4,4,4
APOBEC3A	NA18507	4	3,3,3	3,3,3
APOBEC3A	NA18516	4	4,4,4	4,4,4
APOBEC3A	NA18517	4	4,4,4	4,4,4
APOBEC3A	NA18522	4	4,4,4	4,4,4
APOBEC3A	NA18523	4	4,4,4	3,3,3
APOBEC3A	NA18526	4	3,3,3	3,3,3
APOBEC3A	NA18532	4	3,3,3	3,3,3
APOBEC3A	NA18537	4	2,2,2	2,2,2
APOBEC3A	NA18542	4	3,3,3	4,4,4
APOBEC3A	NA18545	4	3,3,3	4,4,4
APOBEC3A	NA18547	4	4,4,4	5,5,5
APOBEC3A	NA18550	4	4,4,4	4,4,4
APOBEC3A	NA18552	4	4,4,4	4,4,4
APOBEC3A	NA18555	4	4,4,4	4,6,6
APOBEC3A	NA18558	4	4,4,4	4,4,4
APOBEC3A	NA18561	4	3,3,3	4,4,4
APOBEC3A	NA18562	4	3,3,3	4,4,4
APOBEC3A	NA18563	4	3,3,3	4,4,4
APOBEC3A	NA18564	4	4,4,4	4,4,4
APOBEC3A	NA18566	4	3,3,3	3,3,3
APOBEC3A	NA18570	4	4,4,4	5,5,5
APOBEC3A	NA18571	4	3,3,3	4,4,4
APOBEC3A	NA18572	4	2,2,2	2,2,2
APOBEC3A	NA18573	4	4,4,4	4,4,4
APOBEC3A	NA18576	4	3,3,3	4,4,4
APOBEC3A	NA18577	4	4,4,4	5,5,4
APOBEC3A	NA18579	4	2,2,2	2,2,2
APOBEC3A	NA18592	4	4,4,4	5,5,5
APOBEC3A	NA18593	4	4,4,4	4,5,5
APOBEC3A	NA18603	4	2,2,2	3,3,3
APOBEC3A	NA18605	4	3,3,3	3,3,3
APOBEC3A	NA18608	4	3,3,3	3,4,4
APOBEC3A	NA18609	4	4,4,4	5,5,5
APOBEC3A	NA18611	4	2,2,2	2,2,2
APOBEC3A	NA18612	4	4,4,4	5,5,5
APOBEC3A	NA18620	4	3,3,3	4,4,4
APOBEC3A	NA18621	4	4,4,4	4,5,5
APOBEC3A	NA18622	4	3,3,3	3,4,4
APOBEC3A	NA18623	4	3,3,3	3,3,3
APOBEC3A	NA18624	4	2,2,2	3,3,3
APOBEC3A	NA18632	4	2,2,2	3,3,3
APOBEC3A	NA18633	4	4,4,4	4,5,5
APOBEC3A	NA18635	4	4,4,4	4,4,4
APOBEC3A	NA18636	4	3,3,3	3,3,3
APOBEC3A	NA18637	4	4,4,4	4,4,4
APOBEC3A	NA18853	4	4,4,4	4,4,4
APOBEC3A	NA18856	4	4,4,4	4,4,4
APOBEC3A	NA18858	4	4,4,4	4,4,4
APOBEC3A	NA18861	4	4,4,4	4,4,4
APOBEC3A	NA18870	4	4,4,4	4,4,4
APOBEC3A	NA18871	4	4,4,4	4,4,4
APOBEC3A	NA18912	4	3,3,3	3,3,3
APOBEC3A	NA18940	4	3,3,3	5,5,5
APOBEC3A	NA18942	4	4,4,4	5,5,5
APOBEC3A	NA18943	4	3,3,3	3,3,3
APOBEC3A	NA18944	4	3,3,3	3,3,3
APOBEC3A	NA18945	4	3,3,3	4,4,4
APOBEC3A	NA18947	4	2,2,2	3,3,3
APOBEC3A	NA18948	4	2,2,2	3,3,3
APOBEC3A	NA18949	4	4,4,4	5,5,5
APOBEC3A	NA18951	4	3,3,3	4,4,4
APOBEC3A	NA18952	4	3,3,3	4,4,4
APOBEC3A	NA18953	4	4,4,4	6,6,6
APOBEC3A	NA18956	4	3,3,3	4,4,4
APOBEC3A	NA18959	4	3,3,3	4,4,4
APOBEC3A	NA18960	4	2,2,2	3,3,3
APOBEC3A	NA18961	4	3,3,3	4,4,4
APOBEC3A	NA18964	4	3,3,3	4,4,4
APOBEC3A	NA18966	4	4,4,4	4,4,4
APOBEC3A	NA18967	4	4,4,4	4,4,4
APOBEC3A	NA18968	4	3,3,3	4,4,4
APOBEC3A	NA18969	4	4,4,4	5,5,5
APOBEC3A	NA18970	4	2,2,2	2,2,2
APOBEC3A	NA18971	4	3,3,3	3,3,3
APOBEC3A	NA18972	4	4,4,4	4,4,4
APOBEC3A	NA18973	4	3,3,3	3,3,3
APOBEC3A	NA18974	4	4,4,4	4,4,4
APOBEC3A	NA18975	4	4,4,4	5,5,5
APOBEC3A	NA18976	4	2,2,2	2,2,2
APOBEC3A	NA18978	4	4,4,4	4,4,4
APOBEC3A	NA18981	4	4,4,4	4,4,4
APOBEC3A	NA18987	4	2,2,2	2,2,2
APOBEC3A	NA18990	4	3,3,3	4,4,4
APOBEC3A	NA18991	4	3,3,3	3,3,3
APOBEC3A	NA18992	4	3,3,3	4,4,4
APOBEC3A	NA18994	4	4,4,4	5,5,5
APOBEC3A	NA18995	4	2,2,2	2,2,2
APOBEC3A	NA18997	4	4,4,4	4,4,4
APOBEC3A	NA18998	4	4,4,4	5,5,5
APOBEC3A	NA18999	4	3,3,3	4,4,4
APOBEC3A	NA19000	4	4,4,4	4,4,4
APOBEC3A	NA19003	4	3,3,3	4,4,4
APOBEC3A	NA19005	4	4,4,4	4,4,4
APOBEC3A	NA19007	4	3,3,3	3,3,4
APOBEC3A	NA19012	4	3,3,3	3,4,4
APOBEC3A	NA19092	4	4,4,4	4,4,4
APOBEC3A	NA19093	4	4,4,4	4,4,4
APOBEC3A	NA19098	4	4,4,4	4,4,4
APOBEC3A	NA19099	4	4,4,4	4,4,4
APOBEC3A	NA19102	4	4,4,4	4,4,4
APOBEC3A	NA19116	4	4,4,4	4,4,4
APOBEC3A	NA19119	4	4,4,4	4,4,4
APOBEC3A	NA19129	4	4,4,4	4,4,4
APOBEC3A	NA19130	4	4,4,4	4,4,4
APOBEC3A	NA19131	4	4,4,4	4,4,4
APOBEC3A	NA19137	4	4,4,4	4,4,4
APOBEC3A	NA19138	4	4,4,4	4,4,4
APOBEC3A	NA19141	4	4,4,4	4,4,4
APOBEC3A	NA19143	4	4,4,4	4,4,4
APOBEC3A	NA19144	4	4,4,4	4,4,4
APOBEC3A	NA19152	4	4,4,4	4,4,4
APOBEC3A	NA19153	4	4,4,4	4,4,4
APOBEC3A	NA19159	4	4,4,4	4,4,4
APOBEC3A	NA19160	4	4,4,4	4,4,4
APOBEC3A	NA19171	4	4,4,4	4,4,4
APOBEC3A	NA19172	4	4,4,4	4,4,4
APOBEC3A	NA19200	4	4,4,4	4,4,4
APOBEC3A	NA19201	4	4,4,4	4,4,4
APOBEC3A	NA19204	4	3,3,3	3,3,3
APOBEC3A	NA19206	4	4,4,4	4,4,4
APOBEC3A	NA19207	4	4,4,4	4,4,4
APOBEC3A	NA19209	4	4,4,4	4,4,4
APOBEC3A	NA19210	4	4,4,4	4,4,4
APOBEC3A	NA19222	4	4,4,4	4,4,4
APOBEC3A	NA19223	4	4,4,4	4,4,4
APOBEC3A	NA19239	4	4,4,4	4,4,4
C4A	NA12156	4	5,5,5,5,5,5,5,5,5,5,5,5,5,5,5,5,5,5,5,5,5,5,5,5,5,5,5,5,5,5,5,5,5,5,5,5,5,5,5,5,5	5,5,5,5,5,5,5,5,5,5,5,5,5,5,5,5,5,5,5,5,5,5,5,5,5,5,5,5,5,5,5,5,5,5,5,5,5,5,5,5,5
C4A	NA12812	4	5,5,5,5,5,5,5,5,5,5,5,5,5,5,5,5,5,5,5,5,5,5,5,5,5,5,5,5,5,5,5,5,5,5,5,5,5,5,5,5,5	5,5,5,5,5,5,5,5,5,5,5,5,5,5,5,5,5,5,5,5,5,5,5,5,5,5,5,5,5,5,5,5,5,5,5,5,5,5,5,5,5
C4A	NA12892	4	4,4,4,4,4,4,4,4,4,4,4,4,4,4,4,4,4,4,4,4,4,4,4,4,4,4,4,4,4,4,4,4,4,4,4,4,4,4,4,4,4	4,4,4,4,4,4,4,4,4,4,4,4,4,4,4,4,4,4,4,4,4,4,4,4,4,4,4,4,4,4,4,4,4,4,4,4,4,4,4,4,4
C4A	NA12234	4	3,3,3,3,3,3,3,3,3,3,3,3,3,3,3,3,3,3,3,3,3,3,3,3,3,3,3,3,3,3,3,3,3,3,3,3,3,3,3,3,3	3,3,3,3,3,3,3,3,3,3,3,3,3,3,3,3,3,3,3,3,3,3,3,3,3,3,3,3,3,3,3,3,3,3,3,3,3,3,3,3,3
C4A	NA12004	4	3,3,3,3,3,3,3,3,3,3,3,3,3,3,3,3,3,3,3,3,3,3,3,3,3,3,3,3,3,3,3,3,3,3,3,3,3,3,3,3,3	3,3,3,3,3,3,3,3,3,3,3,3,3,3,3,3,3,3,3,3,3,3,3,3,3,3,3,3,3,3,3,3,3,3,3,3,3,3,3,3,3
C4A	NA12760	4	4,4,4,4,4,4,4,4,4,4,4,4,4,4,4,4,4,4,4,4,4,4,4,4,4,4,4,4,4,4,4,4,4,4,4,4,4,4,4,4,4	4,4,4,4,4,4,4,4,4,4,4,4,4,4,4,4,4,4,4,4,4,4,4,4,4,4,4,4,4,4,4,4,4,4,4,4,4,4,4,4,4
C4A	NA11994	4	5,5,5,5,5,5,5,5,5,5,5,5,5,5,5,5,5,5,5,5,5,5,5,5,5,5,5,5,5,5,5,5,5,5,5,5,5,5,5,5,5	5,5,5,5,5,5,5,5,5,5,5,5,5,5,5,5,5,5,5,5,5,5,5,5,5,5,5,5,5,5,5,5,5,5,5,5,5,5,5,5,5
C4A	NA11995	4	4,4,4,4,4,4,4,4,4,4,4,4,4,4,4,4,4,4,4,4,4,4,4,4,4,4,4,4,4,4,4,4,4,4,4,4,4,4,4,4,4	4,4,4,4,4,4,4,4,4,4,4,4,4,4,4,4,4,4,4,4,4,4,4,4,4,4,4,4,4,4,4,4,4,4,4,4,4,4,4,4,4
C4A	NA11830	4	5,5,5,5,5,5,5,5,5,5,5,5,5,5,5,5,5,5,5,5,5,5,5,5,5,5,5,5,5,5,5,5,5,5,5,5,5,5,5,5,5	5,5,5,5,5,5,5,5,5,5,5,5,5,5,5,5,5,5,5,5,5,5,5,5,5,5,5,5,5,5,5,5,5,5,5,5,5,5,5,5,5
C4A	NA12814	4	4,4,4,4,4,4,4,4,4,4,4,4,4,4,4,4,4,4,4,4,4,4,4,4,4,4,4,4,4,4,4,4,4,4,4,4,4,4,4,4,4	4,4,4,4,4,4,4,4,4,4,4,4,4,4,4,4,4,4,4,4,4,4,4,4,4,4,4,4,4,4,4,4,4,4,4,4,4,4,4,4,4
C4A	NA12873	4	4,4,4,4,4,4,4,4,4,4,4,4,4,4,4,4,4,4,4,4,4,4,4,4,4,4,4,4,4,4,4,4,4,4,4,4,4,4,4,4,4	4,4,4,4,4,4,4,4,4,4,4,4,4,4,4,4,4,4,4,4,4,4,4,4,4,4,4,4,4,4,4,4,4,4,4,4,4,4,4,4,4
C4A	NA11881	4	4,4,4,4,4,4,4,4,4,4,4,4,4,4,4,4,4,4,4,4,4,4,4,4,4,4,4,4,4,4,4,4,4,4,4,4,4,4,4,4,4	4,4,4,4,4,4,4,4,4,4,4,4,4,4,4,4,4,4,4,4,4,4,4,4,4,4,4,4,4,4,4,4,4,4,4,4,4,4,4,4,4
C4A	NA12005	4	4,4,4,4,4,4,4,4,4,4,4,4,4,4,4,4,4,4,4,4,4,4,4,4,4,4,4,4,4,4,4,4,4,4,4,4,4,4,4,4,4	4,4,4,4,4,4,4,4,4,4,4,4,4,4,4,4,4,4,4,4,4,4,4,4,4,4,4,4,4,4,4,4,4,4,4,4,4,4,4,4,4
C4A	NA11840	4	4,4,4,4,4,4,4,4,4,4,4,4,4,4,4,4,4,4,4,4,4,4,4,4,4,4,4,4,4,4,4,4,4,4,4,4,4,4,4,4,4	4,4,4,4,4,4,4,4,4,4,4,4,4,4,4,4,4,4,4,4,4,4,4,4,4,4,4,4,4,4,4,4,4,4,4,4,4,4,4,4,4
C4A	NA12763	4	4,4,4,4,4,4,4,4,4,4,4,4,4,4,4,4,4,4,4,4,4,4,4,4,4,4,4,4,4,4,4,4,4,4,4,4,4,4,4,4,4	4,4,4,4,4,4,4,4,4,4,4,4,4,4,4,4,4,4,4,4,4,4,4,4,4,4,4,4,4,4,4,4,4,4,4,4,4,4,4,4,4
C4A	NA10851	4	4,4,4,4,4,4,4,4,4,4,4,4,4,4,4,4,4,4,4,4,4,4,4,4,4,4,4,4,4,4,4,4,4,4,4,4,4,4,4,4,4	4,4,4,4,4,4,4,4,4,4,4,4,4,4,4,4,4,4,4,4,4,4,4,4,4,4,4,4,4,4,4,4,4,4,4,4,4,4,4,4,4
C4A	NA12006	4	4,4,4,4,4,4,4,4,4,4,4,4,4,4,4,4,4,4,4,4,4,4,4,4,4,4,4,4,4,4,4,4,4,4,4,4,4,4,4,4,4	4,4,4,4,4,4,4,4,4,4,4,4,4,4,4,4,4,4,4,4,4,4,4,4,4,4,4,4,4,4,4,4,4,4,4,4,4,4,4,4,4
C4A	NA10847	4	4,4,4,4,4,4,4,4,4,4,4,4,4,4,4,4,4,4,4,4,4,4,4,4,4,4,4,4,4,4,4,4,4,4,4,4,4,4,4,4,4	4,4,4,4,4,4,4,4,4,4,4,4,4,4,4,4,4,4,4,4,4,4,4,4,4,4,4,4,4,4,4,4,4,4,4,4,4,4,4,4,4
C4A	NA12043	4	4,4,4,4,4,4,4,4,4,4,4,4,4,4,4,4,4,4,4,4,4,4,4,4,4,4,4,4,4,4,4,4,4,4,4,4,4,4,4,4,4	4,4,4,4,4,4,4,4,4,4,4,4,4,4,4,4,4,4,4,4,4,4,4,4,4,4,4,4,4,4,4,4,4,4,4,4,4,4,4,4,4
C4A	NA12144	4	4,4,4,4,4,4,4,4,4,4,4,4,4,4,4,4,4,4,4,4,4,4,4,4,4,4,4,4,4,4,4,4,4,4,4,4,4,4,4,4,4	4,4,4,4,4,4,4,4,4,4,4,4,4,4,4,4,4,4,4,4,4,4,4,4,4,4,4,4,4,4,4,4,4,4,4,4,4,4,4,4,4
C4A	NA12249	4	4,4,4,4,4,4,4,4,4,4,4,4,4,4,4,4,4,4,4,4,4,4,4,4,4,4,4,4,4,4,4,4,4,4,4,4,4,4,4,4,4	4,4,4,4,4,4,4,4,4,4,4,4,4,4,4,4,4,4,4,4,4,4,4,4,4,4,4,4,4,4,4,4,4,4,4,4,4,4,4,4,4
C4A	NA06994	4	4,4,4,4,4,4,4,4,4,4,4,4,4,4,4,4,4,4,4,4,4,4,4,4,4,4,4,4,4,4,4,4,4,4,4,4,4,4,4,4,4	4,4,4,4,4,4,4,4,4,4,4,4,4,4,4,4,4,4,4,4,4,4,4,4,4,4,4,4,4,4,4,4,4,4,4,4,4,4,4,4,4
C4A	NA11829	4	4,4,4,4,4,4,4,4,4,4,4,4,4,4,4,4,4,4,4,4,4,4,4,4,4,4,4,4,4,4,4,4,4,4,4,4,4,4,4,4,4	4,4,4,4,4,4,4,4,4,4,4,4,4,4,4,4,4,4,4,4,4,4,4,4,4,4,4,4,4,4,4,4,4,4,4,4,4,4,4,4,4
C4A	NA12813	4	4,4,4,4,4,4,4,4,4,4,4,4,4,4,4,4,4,4,4,4,4,4,4,4,4,4,4,4,4,4,4,4,4,4,4,4,4,4,4,4,4	4,4,4,4,4,4,4,4,4,4,4,4,4,4,4,4,4,4,4,4,4,4,4,4,4,4,4,4,4,4,4,4,4,4,4,4,4,4,4,4,4
C4A	NA12815	4	4,4,4,4,4,4,4,4,4,4,4,4,4,4,4,4,4,4,4,4,4,4,4,4,4,4,4,4,4,4,4,4,4,4,4,4,4,4,4,4,4	5,4,4,4,4,4,4,4,4,4,4,4,4,4,4,4,4,4,4,4,4,4,4,4,4,4,4,4,4,4,4,4,4,4,4,4,4,4,4,4,4
C4A	NA06985	4	4,4,4,4,4,4,4,4,4,4,4,4,4,4,4,4,4,4,4,4,4,4,4,4,4,4,4,4,4,4,4,4,4,4,4,4,4,4,4,4,4	4,4,4,4,4,4,4,4,4,4,4,4,4,4,4,4,4,4,4,4,4,4,4,4,4,4,4,4,4,4,4,4,4,4,4,4,4,4,4,4,4
C4A	NA12872	4	3,3,3,3,3,3,3,3,3,3,3,3,3,3,3,3,3,3,3,3,3,3,3,3,3,3,3,3,3,3,3,3,3,3,3,3,3,3,3,3,3	3,3,3,3,3,3,3,3,3,3,3,3,3,3,3,3,3,3,3,3,3,3,3,3,3,3,3,3,3,3,3,3,3,3,3,3,3,3,3,3,3
C4A	NA11832	4	3,3,3,3,3,3,3,3,3,3,3,3,3,3,3,3,3,3,3,3,3,3,3,3,3,3,3,3,3,3,3,3,3,3,3,3,3,3,3,3,3	3,3,3,3,3,3,3,3,3,3,3,3,3,3,3,3,3,3,3,3,3,3,3,3,3,3,3,3,3,3,3,3,3,3,3,3,3,3,3,3,3
C4A	NA11993	4	4,4,4,4,4,4,4,4,4,4,4,4,4,4,4,4,4,4,4,4,4,4,4,4,4,4,4,4,4,4,4,4,4,4,4,4,4,4,4,4,4	4,4,4,4,4,4,4,4,4,4,4,4,4,4,4,4,4,4,4,4,4,4,4,4,4,4,4,4,4,4,4,4,4,4,4,4,4,4,4,4,4
C4A	NA12891	4	3,3,3,3,3,3,3,3,3,3,3,3,3,3,3,3,3,3,3,3,3,3,3,3,3,3,3,3,3,3,3,3,3,3,3,3,3,3,3,3,3	3,3,3,3,3,3,3,3,3,3,3,3,3,3,3,3,3,3,3,3,3,3,3,3,3,3,3,3,3,3,3,3,3,3,3,3,3,3,3,3,3
C4A	NA12155	4	3,3,3,3,3,3,3,3,3,3,3,3,3,3,3,3,3,3,3,3,3,3,3,3,3,3,3,3,3,3,3,3,3,3,3,3,3,3,3,3,3	3,3,3,3,3,3,3,3,3,3,3,3,3,3,3,3,3,3,3,3,3,3,3,3,3,3,3,3,3,3,3,3,3,3,3,3,3,3,3,3,3
C4A	NA07048	4	3,3,3,3,3,3,3,3,3,3,3,3,3,3,3,3,3,3,3,3,3,3,3,3,3,3,3,3,3,3,3,3,3,3,3,3,3,3,3,3,3	3,3,3,3,3,3,3,3,3,3,3,3,3,3,3,3,3,3,3,3,3,3,3,3,3,3,3,3,3,3,3,3,3,3,3,3,3,3,3,3,3
C4A	NA11992	4	4,4,4,4,4,4,4,4,4,4,4,4,4,4,4,4,4,4,4,4,4,4,4,4,4,4,4,4,4,4,4,4,4,4,4,4,4,4,4,4,4	5,5,4,4,4,4,4,4,4,4,4,4,4,4,4,4,4,4,4,4,4,4,4,4,4,4,4,4,4,4,4,4,4,4,4,4,4,4,4,4,4
C4A	NA12762	4	4,4,4,4,4,4,4,4,4,4,4,4,4,4,4,4,4,4,4,4,4,4,4,4,4,4,4,4,4,4,4,4,4,4,4,4,4,4,4,4,4	4,4,4,4,4,4,4,4,4,4,4,4,4,4,4,4,4,4,4,4,5,5,5,5,5,4,4,4,4,4,4,4,4,4,4,4,4,4,4,4,4
C4A	NA12717	4	4,4,4,4,4,4,4,4,4,4,4,4,4,4,4,4,4,4,4,4,4,4,4,4,4,4,4,4,4,4,4,4,4,4,4,4,4,4,4,4,4	4,4,4,4,4,4,4,4,4,4,4,4,4,4,4,4,4,4,4,4,4,4,4,4,4,4,4,4,4,4,4,4,4,4,4,4,4,4,4,4,4
C4A	NA07357	4	3,3,3,3,3,3,3,3,3,3,3,3,3,3,3,3,3,3,3,3,3,3,3,3,3,3,3,3,3,3,3,3,3,3,3,3,3,3,3,3,3	3,3,3,3,3,3,3,3,3,3,3,3,3,3,3,3,3,3,3,3,3,3,3,3,3,3,3,3,3,3,3,3,3,3,3,3,4,4,4,4,4
C4A	NA12751	4	3,3,3,3,3,3,3,3,3,3,3,3,3,3,3,3,3,3,3,3,3,3,3,3,3,3,3,3,3,3,3,3,3,3,3,3,3,3,3,3,3	3,3,3,3,3,3,3,3,3,3,3,3,3,3,3,3,3,3,3,3,3,3,3,3,3,3,3,3,3,3,3,3,3,3,3,3,3,3,3,3,3
C4A	NA12154	4	3,3,3,3,3,3,3,3,3,3,3,3,3,3,3,3,3,3,3,3,3,3,3,3,3,3,3,3,3,3,3,3,3,3,3,3,3,3,3,3,3	3,3,3,3,3,3,3,3,3,3,3,3,3,3,3,3,3,3,3,3,3,3,3,3,3,3,3,3,3,3,3,3,3,3,3,3,3,3,3,3,3
C4A	NA12750	4	4,4,4,4,4,4,4,4,4,4,4,4,4,4,4,4,4,4,4,4,4,4,4,4,4,4,4,4,4,4,4,4,4,4,4,4,4,4,4,4,4	4,4,4,4,4,4,4,4,4,4,4,4,4,4,4,4,4,4,4,4,4,4,4,4,4,4,4,4,4,4,4,4,4,4,4,4,4,4,4,4,4
C4A	NA07000	4	3,3,3,3,3,3,3,3,3,3,3,3,3,3,3,3,3,3,3,3,3,3,3,3,3,3,3,3,3,3,3,3,3,3,3,3,3,3,3,3,3	3,3,3,3,3,3,3,3,3,3,3,3,3,3,3,3,3,3,3,3,3,3,3,3,3,3,3,3,3,3,3,3,3,3,3,3,3,3,3,3,3
C4A	NA07056	4	3,3,3,3,3,3,3,3,3,3,3,3,3,3,3,3,3,3,3,3,3,3,3,3,3,3,3,3,3,3,3,3,3,3,3,3,3,3,3,3,3	3,3,3,3,3,3,3,3,3,3,3,3,3,3,3,3,3,3,3,3,3,3,3,3,3,3,3,3,3,3,3,3,3,3,3,3,3,3,3,3,3
C4A	NA12874	4	4,4,4,4,4,4,4,4,4,4,4,4,4,4,4,4,4,4,4,4,4,4,4,4,4,4,4,4,4,4,4,4,4,4,4,4,4,4,4,4,4	4,4,4,4,4,4,4,4,4,4,4,4,4,4,4,4,4,4,4,4,4,4,4,4,4,4,4,4,4,4,4,4,4,4,4,4,4,4,4,4,4
C4A	NA12044	4	4,4,4,4,4,4,4,4,4,4,4,4,4,4,4,4,4,4,4,4,4,4,4,4,4,4,4,4,4,4,4,4,4,4,4,4,4,4,4,4,4	4,4,4,4,4,4,4,4,4,4,4,4,4,4,4,4,4,4,4,4,4,4,4,4,4,4,4,4,4,4,4,4,4,4,4,4,4,4,4,4,4
C4A	NA12716	4	4,4,4,4,4,4,4,4,4,4,4,4,4,4,4,4,4,4,4,4,4,4,4,4,4,4,4,4,4,4,4,4,4,4,4,4,4,4,4,4,4	4,4,4,4,4,4,4,4,4,4,4,4,4,4,4,4,4,4,4,4,4,4,4,4,4,4,4,4,4,4,4,4,4,4,4,4,4,4,4,4,4
C4A	NA11831	4	3,3,3,3,3,3,3,3,3,3,3,3,3,3,3,3,3,3,3,3,3,3,3,3,3,3,3,3,3,3,3,3,3,3,3,3,3,3,3,3,3	3,3,3,3,3,3,3,3,3,3,3,3,3,3,3,3,3,3,3,3,3,3,3,3,3,3,3,3,3,3,3,3,3,3,3,3,3,3,3,3,4
FCGR3A	NA18517	4	3,3,3,3,3	3,3,3,3,3
FCGR3A	NA18995	4	3,3,3,3,3	3,3,3,3,3
FCGR3A	NA19137	4	4,4,4,4,4	4,4,4,4,4
FCGR3A	NA12872	4	4,4,4,4,4	4,4,4,4,4
FCGR3A	NA11830	4	4,4,4,4,4	4,4,4,4,4
FCGR3A	NA18995	4	3,3,3,3,3	3,3,3,3,3
FCGR3A	NA18853	4	5,5,5,5,5	3,3,3,3,3
FCGR3A	NA18952	4	5,5,5,5,5	5,5,5,5,5
FCGR3A	NA12144	4	4,4,4,4,4	4,4,4,4,4
FCGR3A	NA18562	4	4,4,4,4,4	4,4,4,4,4
FCGR3A	NA10847	4	4,4,4,4,4	4,4,4,4,4
FCGR3A	NA18949	4	3,3,3,3,3	3,3,3,3,3
FCGR3A	NA18856	4	4,4,4,4,4	4,4,4,4,4
FCGR3A	NA12892	4	4,4,4,4,4	4,4,4,4,4
FCGR3A	NA19116	4	4,4,4,4,4	4,4,4,4,4
FCGR3A	NA18579	4	5,5,5,5,5	5,5,5,5,5
FCGR3A	NA19153	4	4,4,4,4,4	4,4,4,4,4
FCGR3A	NA11992	4	4,4,4,4,4	4,4,4,4,4
FCGR3A	NA18858	4	3,3,3,3,3	3,3,3,3,4
FCGR3A	NA18635	4	4,4,4,4,4	4,4,4,4,4
FCGR3A	NA18552	4	5,5,5,5,5	4,4,4,4,4
FCGR3A	NA18961	4	4,4,4,4,4	4,4,4,4,4
FCGR3A	NA18576	4	4,4,4,4,4	4,4,4,4,4
FCGR3A	NA18976	4	6,6,6,6,6	4,4,4,4,4
FCGR3A	NA11829	4	4,4,4,4,4	4,4,4,4,4
FCGR3A	NA07048	4	6,6,6,6,6	4,4,4,4,4
FCGR3A	NA18564	4	2,2,2,2,2	2,2,2,2,2
FCGR3A	NA11994	4	5,5,5,5,5	5,5,5,4,4
FCGR3A	NA18633	4	5,5,5,5,5	5,5,5,5,5
FCGR3A	NA18623	4	4,4,4,4,4	4,4,4,4,4
FCGR3A	NA18964	4	4,4,4,4,4	4,4,4,4,4
FCGR3A	NA06985	4	5,5,5,5,5	4,4,4,4,4
FCGR3A	NA18620	4	4,4,4,4,4	4,4,4,4,4
FCGR3A	NA18545	4	5,5,5,5,5	5,5,5,5,5
FCGR3A	NA19099	4	4,4,4,4,4	4,4,4,4,4
FCGR3A	NA18609	4	4,4,4,4,4	4,4,4,4,4
FCGR3A	NA18577	4	5,5,5,5,5	4,4,4,4,4
FCGR3A	NA18555	4	6,6,6,6,6	5,5,5,5,5
FCGR3A	NA12815	4	4,4,4,4,4	4,4,4,4,4
FCGR3A	NA18945	4	4,4,4,4,4	4,4,4,4,4
FCGR3A	NA19143	4	4,4,4,4,4	4,4,4,4,4
FCGR3A	NA18998	4	7,7,7,7,7	5,5,5,5,5
FCGR3A	NA19201	4	4,4,4,4,4	4,4,4,4,4
FCGR3A	NA18550	4	4,4,4,4,4	4,4,4,4,4
FCGR3A	NA18573	4	3,3,3,3,3	3,3,3,4,4
FCGR3A	NA12006	4	4,4,4,4,4	4,4,4,4,4
FCGR3A	NA12874	4	4,4,4,4,4	4,4,4,4,4
FCGR3A	NA19003	4	5,5,5,5,5	4,4,4,4,4
FCGR3A	NA12043	4	4,4,4,4,4	4,4,4,4,4
FCGR3A	NA07056	4	5,5,5,5,5	4,4,4,4,4
FCGR3A	NA19239	4	4,4,4,4,4	4,4,4,4,4
FCGR3A	NA18526	4	5,5,5,5,5	5,5,5,5,4
FCGR3A	NA12717	4	4,4,4,4,4	4,4,4,4,4
FCGR3A	NA19207	4	4,4,4,4,4	4,4,4,4,4
FCGR3A	NA18593	4	4,4,4,4,4	4,4,4,4,4
FCGR3A	NA18856	4	4,4,4,4,4	4,4,4,4,4
FCGR3A	NA18956	4	5,5,5,5,5	5,5,5,5,4
FCGR3A	NA18972	4	4,4,4,4,4	4,4,4,4,4
FCGR3A	NA19005	4	4,4,4,4,4	3,3,4,4,4
FCGR3A	NA18960	4	5,5,5,5,5	5,5,5,5,5
FCGR3A	NA18570	4	5,5,5,5,5	4,4,4,4,4
FCGR3A	NA18969	4	4,4,4,4,4	4,4,4,4,4
FCGR3A	NA18959	4	4,4,4,4,4	4,4,4,4,4
FCGR3A	NA18999	4	5,5,5,5,5	5,5,5,4,4
FCGR3A	NA19223	4	4,4,4,4,4	4,4,4,4,4
FCGR3A	NA19172	4	4,4,4,4,4	4,4,4,4,4
FCGR3A	NA18516	4	4,4,4,4,4	4,4,4,4,4
FCGR3A	NA18971	4	6,6,6,6,6	4,4,4,4,4
FCGR3A	NA18547	4	5,5,5,5,5	3,3,3,3,3
FCGR3A	NA18975	4	6,6,6,6,6	4,4,4,4,4
FCGR3A	NA19102	4	3,3,3,3,3	3,3,3,3,4
FCGR3A	NA18951	4	4,4,4,4,4	4,4,4,4,4
FCGR3A	NA18558	4	5,5,5,5,5	4,5,5,5,5
FCGR3A	NA19007	4	4,4,4,4,4	4,4,4,4,4
FCGR3A	NA12156	4	4,4,4,4,4	4,4,4,4,4
FCGR3A	NA18572	4	4,4,4,4,4	4,4,4,4,4
FCGR3A	NA19144	4	4,4,4,4,4	4,4,4,4,4
FCGR3A	NA06994	4	3,3,3,3,3	3,3,3,3,3
FCGR3A	NA19141	4	4,4,4,4,4	4,4,4,4,4
FCGR3A	NA18974	4	5,5,5,5,5	4,4,4,4,4
FCGR3A	NA12814	4	4,4,4,4,4	4,4,4,4,4
FCGR3A	NA12156	4	4,4,4,4,4	4,4,4,4,4
FCGR3A	NA19152	4	4,4,4,4,4	4,4,4,4,4
FCGR3A	NA10851	4	5,5,5,5,5	5,5,5,5,5
FCGR3A	NA19209	4	3,3,3,3,3	3,3,3,3,3
FCGR3A	NA18637	4	4,4,4,4,4	3,3,3,3,3
FCGR3A	NA18522	4	4,4,4,4,4	4,4,4,4,4
FCGR3A	NA12716	4	4,4,4,4,4	4,4,4,4,4
FCGR3A	NA18942	4	4,4,4,4,4	4,4,4,4,4
FCGR3A	NA18943	4	4,4,4,4,4	4,4,4,4,4
FCGR3A	NA18612	4	5,5,5,5,5	5,5,5,5,4
FCGR3A	NA12750	4	4,4,4,4,4	4,4,4,4,4
FCGR3A	NA19160	4	4,4,4,4,4	4,4,4,4,4
FCGR3A	NA19222	4	4,4,4,4,4	4,4,4,4,4
FCGR3A	NA18571	4	5,5,5,5,5	5,5,5,5,5
FCGR3A	NA18967	4	5,5,5,5,5	5,5,5,5,5
FCGR3A	NA19210	4	3,3,3,3,3	2,2,2,2,2
FCGR3A	NA12763	4	4,4,4,4,4	4,4,4,4,4
FCGR3A	NA18968	4	4,4,4,4,4	4,4,4,4,4
FCGR3A	NA18973	4	4,4,4,4,4	4,4,4,4,4
FCGR3A	NA18992	4	4,4,4,4,4	4,4,4,4,4
FCGR3A	NA12005	4	3,3,3,3,3	3,3,3,3,3
FCGR3A	NA18561	4	4,4,4,4,4	4,4,4,4,4
FCGR3A	NA11993	4	5,5,5,5,5	5,5,5,5,5
FCGR3A	NA18951	4	4,4,4,4,4	4,4,4,4,4
FCGR3A	NA18991	4	4,4,4,4,4	4,4,4,4,4
FCGR3A	NA18948	4	4,4,4,4,4	4,4,4,4,4
FCGR3A	NA11832	4	4,4,4,4,4	4,4,4,4,4
FCGR3A	NA18912	4	4,4,4,4,4	3,3,3,3,4
FCGR3A	NA12873	4	4,4,4,4,4	4,4,4,4,4
FCGR3A	NA18611	4	4,4,4,4,4	3,3,3,4,4
FCGR3A	NA07000	4	4,4,4,4,4	4,4,4,4,4
FCGR3A	NA18966	4	4,4,4,4,4	4,4,4,4,4
FCGR3A	NA18944	4	4,4,4,4,4	4,4,4,4,4
FCGR3A	NA19204	4	4,4,4,4,4	4,4,4,4,4
FCGR3A	NA12751	4	4,4,4,4,4	4,4,4,4,4
FCGR3A	NA18622	4	4,4,4,4,4	4,4,4,4,4
FCGR3A	NA11840	4	4,4,4,4,4	4,4,4,4,4
FCGR3A	NA11995	4	4,4,4,4,4	4,4,4,4,4
FCGR3A	NA12891	4	4,4,4,4,4	4,4,4,4,4
FCGR3A	NA12044	4	4,4,4,4,4	4,4,4,4,4
FCGR3A	NA19098	4	4,4,4,4,4	4,4,4,4,4
FCGR3A	NA12762	4	3,3,3,3,3	3,3,3,3,4
RHCE	NA19700	4	3,3,3,3,3,3,3,3,3,3	3,3,3,3,3,3,3,3,3,3
RHCE	NA19703	4	3,3,3,3,3,3,3,3,3,3	3,3,3,3,3,3,3,3,3,3
RHCE	NA19901	4	3,3,3,3,3,3,3,3,3,3	3,3,3,3,3,3,3,3,3,3
RHCE	NA20127	4	4,4,4,4,4,4,4,4,4,4	4,4,4,4,4,4,4,4,4,4
RHCE	NA20281	4	4,4,4,4,4,4,4,4,4,4	4,4,4,4,4,4,4,4,4,4
RHCE	NA20289	4	3,3,3,3,3,3,3,3,3,3	3,3,3,3,4,4,4,4,4,4
RHCE	NA20334	4	3,3,3,3,3,3,3,3,3,3	3,3,3,3,3,3,3,3,3,4
RHCE	NA12275	4	4,4,4,4,4,4,4,4,4,4	4,4,4,4,4,4,4,4,4,4
RHCE	NA18548	4	4,4,4,4,4,4,4,4,4,4	4,4,4,4,4,4,4,4,4,4
RHCE	NA18553	4	4,4,4,4,4,4,4,4,4,4	4,4,4,4,4,4,4,4,4,4
RHCE	NA18633	4	4,4,4,4,4,4,4,4,4,4	4,4,4,4,4,4,4,4,4,4
RHCE	HG00421	4	4,4,4,4,4,4,4,4,4,4	4,4,4,4,4,4,4,4,4,4
RHCE	HG00275	4	3,3,3,3,3,3,3,3,3,3	4,4,4,4,4,4,4,4,4,4
RHCE	HG00319	4	3,3,3,3,3,3,3,3,3,3	4,4,4,4,4,4,4,4,4,4
RHCE	HG00326	4	4,4,4,4,4,4,4,4,4,4	4,4,5,5,5,5,5,5,5,5
RHCE	HG00327	4	2,2,2,2,2,2,2,2,2,2	3,3,3,3,3,3,3,3,3,3
RHCE	HG00261	4	2,2,2,2,2,2,2,2,2,2	3,3,3,3,3,3,3,3,3,3
RHCE	NA18976	4	4,4,4,4,4,4,4,4,4,4	4,4,4,4,4,4,4,4,4,4
RHCE	NA18989	4	3,3,3,3,3,3,3,3,3,3	3,3,3,3,3,3,3,3,3,3
RHCE	NA19004	4	4,4,4,4,4,4,4,4,4,4	4,4,4,4,4,4,4,4,4,4
RHCE	NA19005	4	4,4,4,4,4,4,4,4,4,4	4,4,4,4,4,4,4,4,4,4
RHCE	NA19065	4	4,4,4,4,4,4,4,4,4,4	4,4,4,4,4,4,4,4,4,4
RHCE	NA19761	4	4,4,4,4,4,4,4,4,4,4	4,4,4,4,4,4,4,4,4,4
RHCE	NA19783	4	4,4,4,4,4,4,4,4,4,4	4,4,4,4,4,4,4,4,4,4
RHCE	NA19789	4	4,4,4,4,4,4,4,4,4,4	4,4,4,4,4,4,4,4,4,4
RHCE	NA20543	4	3,3,3,3,3,3,3,3,3,3	4,4,4,4,4,4,4,4,4,4
RHCE	NA20756	4	3,3,3,3,3,3,3,3,3,3	3,3,3,4,4,4,4,4,4,4
RHCE	NA20770	4	2,2,2,2,2,2,2,2,2,2	3,3,3,3,3,3,3,3,3,3
RHCE	NA20771	4	3,3,3,3,3,3,3,3,3,3	4,4,4,4,4,4,4,4,4,4
RHCE	NA20814	4	3,3,3,3,3,3,3,3,3,3	3,3,4,4,4,4,4,4,4,4
RHCE	NA20815	4	4,4,4,4,4,4,4,4,4,4	5,5,5,5,5,5,5,5,5,5
RHCE	NA18522	4	4,4,4,4,4,4,4,4,4,4	4,4,4,4,4,4,4,4,4,4
RHCE	NA18933	4	4,4,4,4,4,4,4,4,4,4	4,4,4,4,4,4,4,4,4,4
RHCE	NA19190	4	4,4,4,4,4,4,4,4,4,4	4,4,4,4,4,4,4,4,4,4
RHCE	NA19201	4	4,4,4,4,4,4,4,4,4,4	4,4,4,4,4,4,4,4,4,4
RHCE	NA19204	4	5,5,5,5,5,5,5,5,5,5	6,6,6,6,6,6,6,6,6,6
