gene	name	refcn	ps_exomedepth_hmm	ps_exomedepth	conifer	nanostring
DEFB_genes	NA18517	4	2,2,2,2,2,2,2,2,2,2,2,2,2,2,2,2,2	2	3	3
DEFB_genes	NA18501	4	3,3,3,3,3,3,3,3,3,3,3,3,3,3,3,3,4	3	4	4
DEFB_genes	NA18504	4	5,5,5,5,5,5,5,5,5,5,5,5,5,5,5,5,5	5	5	5
DEFB_genes	NA18516	4	3,3,3,3,3,3,3,3,3,3,3,3,3,3,3,3,3	3	3	3
DEFB_genes	NA18522	4	3,3,3,3,3,3,3,3,3,3,3,3,3,3,3,4,4	3	4	4
DEFB_genes	NA18853	4	4,4,4,4,4,4,4,4,4,4,4,4,4,4,4,4,4	4	5	5
DEFB_genes	NA18856	4	4,4,4,4,4,4,4,4,4,3,3,3,3,3,3,4,4	4	4	4
DEFB_genes	NA18870	4	3,3,3,3,3,3,3,3,3,3,3,3,3,3,3,3,3	3	3	3
DEFB_genes	NA18871	4	4,4,4,4,4,4,4,4,4,4,4,4,4,4,4,4,4	4	4	4
DEFB_genes	NA19092	4	6,6,6,6,6,6,6,6,6,6,6,6,6,6,6,6,6	6	7	7
DEFB_genes	NA19093	4	4,4,4,3,3,3,3,3,3,3,3,3,3,3,4,4,4	3	4	4
DEFB_genes	NA19102	4	4,4,4,4,4,4,4,4,4,4,4,4,4,4,4,4,4	4	5	5
DEFB_genes	NA19116	4	4,4,5,5,5,5,5,5,5,5,5,5,5,5,5,4,4	5	5	5
DEFB_genes	NA19130	4	3,3,3,3,3,3,3,3,3,3,3,3,3,3,3,3,3	3	4	4
DEFB_genes	NA19172	4	2,2,2,2,2,2,2,2,2,2,2,2,2,2,2,2,2	2	3	3
DEFB_genes	NA18956	4	4,4,4,4,4,4,4,4,4,4,4,4,4,4,4,4,4	4	4	4
DEFB_genes	NA18992	4	6,6,6,6,6,6,6,6,6,6,6,6,6,6,6,6,6	6	6	6
DEFB_genes	NA18995	4	4,4,4,4,4,4,4,4,4,4,4,4,4,4,4,4,4	4	4	4
DEFB_genes	NA18998	4	5,5,5,5,5,5,5,5,5,5,5,5,5,5,5,5,5	5	5	5
DEFB_genes	NA18526	4	4,3,3,3,3,3,3,3,3,3,3,3,3,3,3,3,3	3	3	3
DEFB_genes	NA18532	4	4,4,3,3,3,3,3,3,3,3,3,3,3,3,3,3,3	3	3	3
DEFB_genes	NA18537	4	4,4,4,4,4,4,4,4,4,4,4,4,4,4,4,4,4	4	4	4
DEFB_genes	NA18542	4	4,4,5,5,5,5,5,5,5,5,5,5,5,5,5,5,5	5	6	6
DEFB_genes	NA18545	4	4,4,4,4,4,4,4,4,4,4,4,4,4,4,4,4,4	4	5	5
DEFB_genes	NA18547	4	4,3,3,3,3,3,3,3,3,3,3,3,3,3,3,3,3	3	3	3
DEFB_genes	NA18550	4	4,3,3,3,3,3,3,3,3,3,3,3,3,3,3,3,3	3	3	3
DEFB_genes	NA18555	4	4,4,4,4,4,4,4,4,4,4,4,4,4,4,4,4,4	4	4	4
DEFB_genes	NA18558	4	4,4,4,4,4,4,4,4,4,4,4,4,4,4,4,4,4	4	4	4
DEFB_genes	NA18561	4	4,3,3,3,3,3,3,3,3,3,3,3,3,3,3,3,3	3	4	4
DEFB_genes	NA18562	4	4,5,5,5,5,5,5,5,5,5,5,5,5,5,5,5,5	5	6	6
DEFB_genes	NA18563	4	4,5,5,5,5,5,5,5,5,5,5,5,5,5,5,5,5	5	6	6
DEFB_genes	NA18564	4	3,3,3,3,3,3,3,3,3,3,3,3,3,3,3,3,3	3	3	3
DEFB_genes	NA18566	4	4,4,4,4,4,4,4,4,4,4,4,4,4,4,4,4,4	4	4	4
DEFB_genes	NA18570	4	6,6,6,6,6,6,6,6,6,6,6,6,6,6,6,6,6	6	6	6
DEFB_genes	NA18571	4	5,5,5,5,5,5,5,5,5,5,5,5,5,5,5,5,5	5	6	6
DEFB_genes	NA18572	4	4,4,4,4,4,4,4,4,4,4,4,4,4,4,4,4,4	4	4	4
DEFB_genes	NA18573	4	4,4,4,4,4,4,4,4,4,4,4,4,4,4,4,4,4	4	5	5
DEFB_genes	NA18577	4	4,4,4,4,4,4,4,4,4,4,4,4,4,4,4,4,4	4	4	4
DEFB_genes	NA18579	4	4,5,5,5,5,5,5,5,5,5,5,5,5,5,5,5,4	5	5	5
DEFB_genes	NA18592	4	4,4,3,3,3,3,3,3,3,3,3,3,3,3,3,3,3	3	3	3
DEFB_genes	NA18593	4	4,4,4,4,4,4,4,4,4,4,4,4,4,4,4,4,4	4	4	4
DEFB_genes	NA18603	4	4,4,5,5,5,5,5,5,5,5,5,5,5,5,5,5,5	5	5	5
DEFB_genes	NA18605	4	4,4,4,4,4,4,4,4,4,4,4,4,4,4,4,4,4	4	4	4
DEFB_genes	NA18608	4	4,2,2,2,2,2,2,2,2,2,2,2,2,2,2,2,2	2	2	2
DEFB_genes	NA18609	4	4,4,4,4,4,4,4,4,4,4,4,4,4,4,4,4,4	4	5	5
DEFB_genes	NA18611	4	4,5,5,5,5,5,5,5,5,5,5,5,5,5,5,5,5	5	5	5
DEFB_genes	NA18612	4	4,3,3,3,3,3,3,3,3,3,3,3,3,3,3,3,3	3	3	3
DEFB_genes	NA18620	4	4,4,4,4,4,4,4,4,4,4,4,4,4,4,4,4,4	4	4	4
DEFB_genes	NA18621	4	4,4,4,4,4,4,4,4,4,4,4,4,4,4,4,4,4	4	4	4
DEFB_genes	NA18622	4	4,4,3,3,3,3,3,3,3,3,3,3,3,3,3,3,3	3	3	3
DEFB_genes	NA18623	4	4,5,5,5,5,5,5,5,5,5,5,5,5,5,5,5,5	5	5	5
DEFB_genes	NA18624	4	4,4,4,4,4,4,4,4,4,4,4,4,4,4,4,4,4	4	4	4
DEFB_genes	NA18632	4	4,4,4,4,4,4,4,4,4,4,4,4,4,4,4,4,4	4	5	5
DEFB_genes	NA18633	4	4,3,3,3,3,3,3,3,3,3,3,3,3,3,3,3,3	3	3	3
DEFB_genes	NA18635	4	4,5,5,5,5,5,5,5,5,5,5,5,5,5,5,5,5	5	5	5
DEFB_genes	NA18636	4	4,5,5,5,5,5,5,5,5,5,5,5,5,5,5,5,5	5	5	5
DEFB_genes	NA18637	4	4,4,5,5,5,5,5,5,5,5,5,5,5,5,5,5,5	5	5	5
DEFB_genes	NA18940	4	4,5,5,5,5,5,5,5,5,5,5,5,5,5,5,5,5	5	5	5
DEFB_genes	NA18942	4	4,3,3,3,3,3,3,3,3,3,3,3,3,3,3,3,3	3	3	3
DEFB_genes	NA18943	4	4,4,4,4,4,4,4,4,4,4,4,4,4,4,4,4,4	4	4	4
DEFB_genes	NA18944	4	4,4,4,4,4,4,4,4,4,4,4,4,4,4,4,4,4	4	4	4
DEFB_genes	NA18945	4	4,4,4,4,4,4,4,4,4,4,4,4,4,4,4,4,4	4	4	4
DEFB_genes	NA18947	4	4,4,3,3,3,3,3,3,3,3,3,3,3,3,3,3,3	3	4	4
DEFB_genes	NA18948	4	4,4,4,4,4,4,4,4,4,4,4,4,4,4,4,4,4	4	4	4
DEFB_genes	NA18949	4	4,4,4,4,4,4,4,4,4,4,4,4,4,4,4,4,4	4	4	4
DEFB_genes	NA18951	4	4,4,4,4,4,4,4,4,4,4,4,4,4,4,4,4,4	4	4	4
DEFB_genes	NA18952	4	4,5,5,5,5,5,5,5,5,5,5,5,5,5,5,5,5	5	5	5
DEFB_genes	NA18953	4	5,5,5,5,5,5,5,5,5,5,5,5,5,5,5,5,5	5	4	4
DEFB_genes	NA18959	4	4,4,4,4,4,3,4,4,4,4,4,4,4,4,4,4,4	4	4	4
DEFB_genes	NA18960	4	5,5,5,5,5,5,5,5,5,5,5,5,5,5,5,5,5	5	4	4
DEFB_genes	NA18961	4	4,4,4,4,4,4,4,4,5,5,5,5,5,5,5,5,5	5	5	5
DEFB_genes	NA18964	4	5,5,5,5,5,5,5,5,5,5,5,5,4,4,4,4,4	5	5	5
DEFB_genes	NA18999	4	5,5,5,5,5,5,5,5,5,5,5,5,5,5,5,5,5	5	5	5
DEFB_genes	NA19000	4	5,5,5,5,5,5,5,5,5,5,5,5,5,5,5,5,5	5	5	5
DEFB_genes	NA19012	4	6,6,6,6,6,6,6,6,6,6,6,6,6,6,6,6,6	6	6	6
DEFB_genes	NA18966	4	4,4,4,4,4,4,4,4,4,4,4,4,4,4,4,4,4	4	4	4
DEFB_genes	NA18967	4	4,4,4,4,4,4,4,4,4,4,4,4,4,4,4,4,4	4	4	4
DEFB_genes	NA18968	4	5,5,5,5,5,5,5,5,5,5,5,5,5,5,5,5,4	5	5	5
DEFB_genes	NA18970	4	4,5,5,5,5,5,5,5,5,5,5,5,5,5,4,4,4	5	5	5
DEFB_genes	NA18971	4	5,5,5,5,5,5,5,5,5,5,5,5,5,5,5,5,5	5	5	5
DEFB_genes	NA18972	4	2,2,2,2,2,2,2,2,2,2,2,2,2,2,2,2,2	2	2	2
DEFB_genes	NA18976	4	3,3,3,3,3,3,3,3,3,3,3,3,3,3,3,3,3	3	3	3
DEFB_genes	NA18981	4	6,6,6,6,6,6,6,6,6,6,6,6,6,6,6,6,6	6	7	7
DEFB_genes	NA18987	4	4,4,4,4,4,4,4,4,4,4,4,4,4,4,4,4,4	4	4	4
DEFB_genes	NA18990	4	4,4,4,4,4,4,4,4,4,4,4,4,4,4,4,4,4	4	4	4
DEFB_genes	NA18991	4	3,3,3,3,3,3,3,3,3,3,3,3,3,3,3,3,3	3	3	3
DEFB_genes	NA06985	4	4,4,4,4,4,4,4,4,4,4,4,4,4,4,4,4,4	4	4	4
DEFB_genes	NA07000	4	4,4,4,4,4,4,4,4,4,4,4,4,4,4,4,4,4	4	4	4
DEFB_genes	NA07056	4	4,3,3,3,3,3,3,3,3,3,3,3,3,4,4,4,4	3	4	4
DEFB_genes	NA07357	4	6,6,6,6,6,6,6,6,6,6,6,6,6,6,6,6,6	6	6	6
DEFB_genes	NA11995	4	2,2,2,2,2,2,2,2,2,2,2,2,2,2,2,2,2	2	2	2
DEFB_genes	NA12004	4	3,3,3,3,3,3,3,3,4,4,4,4,4,4,4,4,4	4	4	4
DEFB_genes	NA12043	4	5,5,5,5,5,5,5,5,5,5,5,5,5,5,5,5,4	5	5	5
DEFB_genes	NA12044	4	4,4,3,3,3,3,3,3,3,3,3,3,3,3,3,3,3	3	4	4
DEFB_genes	NA12144	4	4,4,4,4,4,4,4,4,4,4,4,4,4,4,4,4,4	4	4	4
DEFB_genes	NA12154	4	3,3,3,3,3,3,3,3,3,3,3,3,3,3,3,3,3	3	3	3
DEFB_genes	NA12872	4	4,4,4,4,4,4,4,4,4,4,4,4,4,4,4,4,4	4	4	4
DEFB_genes	NA12874	4	4,4,4,4,4,4,4,4,4,4,4,4,4,4,4,4,4	4	4	4
DEFB_genes	NA12892	4	4,4,4,4,4,4,4,4,4,4,4,4,4,4,4,4,4	4	4	4
DEFB_genes	NA12891	4	4,4,4,4,4,4,4,4,4,4,4,4,4,4,4,4,4	4	4	4
DEFB_genes	NA11840	4	5,5,5,5,5,5,5,5,5,5,5,5,5,5,5,4,4	5	6	6
DEFB_genes	NA12249	4	3,3,3,3,3,3,3,3,3,3,3,3,3,3,3,3,3	3	4	4
DEFB_genes	NA12716	4	2,2,2,2,2,2,2,2,2,2,2,2,2,2,2,2,2	2	2	2
DEFB_genes	NA12717	4	3,3,3,3,3,3,3,3,3,3,3,3,3,3,3,3,3	3	4	4
DEFB_genes	NA12751	4	4,3,3,3,3,3,3,3,3,3,3,3,3,3,4,4,4	3	4	4
DEFB_genes	NA12763	4	6,6,6,6,6,6,6,6,6,6,6,6,6,6,6,6,6	6	6	6
